INSERT INTO `all_villages` (`all_village_id`, `state_code`, `district_code`, `village_code`, `village_version`, `village_name`, `created_time`, `is_delete`) VALUES
(534673,	25,	463,	935177,	1,	'GHELWAD',	'2020-04-29 16:22:36',	0),
(534674,	25,	463,	935178,	1,	'Somnath',	'2020-04-29 16:22:36',	0),
(534675,	25,	463,	935179,	1,	'Antiawad',	'2020-04-29 16:22:36',	0),
(534676,	25,	463,	923609,	1,	'KATHIRIA',	'2020-04-29 16:22:36',	0),
(534677,	25,	463,	912997,	1,	'Patlara',	'2020-04-29 16:22:36',	0),
(534678,	25,	463,	524911,	1,	'Devka',	'2020-04-29 16:22:36',	0),
(534679,	25,	463,	524924,	1,	'Thana Pardi',	'2020-04-29 16:22:36',	0),
(534680,	25,	463,	524923,	1,	'Naila Pardi',	'2020-04-29 16:22:36',	0),
(534681,	25,	463,	524922,	1,	'Deva Pardi',	'2020-04-29 16:22:36',	0),
(534682,	25,	463,	524912,	1,	'Janivankad',	'2020-04-29 16:22:36',	0),
(534683,	25,	463,	524916,	1,	'Damanwada (Dama O-De-Cima)',	'2020-04-29 16:22:36',	0),
(534684,	25,	463,	524921,	1,	'Pariari',	'2020-04-29 16:22:36',	0),
(534685,	25,	463,	524915,	1,	'Magarwada',	'2020-04-29 16:22:36',	0),
(534686,	25,	463,	524920,	1,	'Jampore',	'2020-04-29 16:22:36',	0),
(534687,	25,	463,	524917,	1,	'Palhit',	'2020-04-29 16:22:36',	0),
(534688,	25,	463,	524919,	1,	'Dholar',	'2020-04-29 16:22:36',	0),
(534689,	25,	463,	524918,	1,	'Bhamati',	'2020-04-29 16:22:36',	0),
(534690,	25,	463,	524927,	1,	'Kadaiya (CT)',	'2020-04-29 16:22:36',	0),
(534691,	25,	463,	524925,	1,	'Zari',	'2020-04-29 16:22:36',	0),
(534692,	25,	463,	524929,	1,	'Dunetha (CT)',	'2020-04-29 16:22:36',	0),
(534693,	25,	463,	524928,	1,	'Bhimpore (CT)',	'2020-04-29 16:22:36',	0),
(534694,	25,	463,	524931,	1,	'Kachigam (CT)',	'2020-04-29 16:22:36',	0),
(534695,	25,	463,	524913,	2,	'Varkund',	'2020-04-29 16:22:36',	0),
(534696,	25,	463,	524914,	2,	'Ringanwada',	'2020-04-29 16:22:36',	0),
(534697,	25,	463,	524926,	2,	'Marwad (CT)',	'2020-04-29 16:22:36',	0),
(534698,	25,	463,	912998,	3,	'Bhenslore',	'2020-04-29 16:22:36',	0),
(534699,	25,	463,	524930,	4,	'Dabhel (CT)',	'2020-04-29 16:22:36',	0),
(534700,	25,	464,	524910,	1,	'Saudwadi',	'2020-04-29 16:22:36',	0),
(534701,	25,	464,	524909,	1,	'Bhucharvada',	'2020-04-29 16:22:36',	0),
(534702,	25,	464,	524907,	1,	'Vanakbara',	'2020-04-29 16:22:36',	0),
(534703,	25,	464,	524908,	1,	'Zolawadi',	'2020-04-29 16:22:36',	0),
(662886,	25,	463,	999143,	0,	'Other',	'2022-09-12 15:09:30',	0),
(662887,	25,	464,	999144,	0,	'Other',	'2022-09-12 15:09:30',	0),
(663478,	25,	463,	1419,	0,	'Ward 1 - MOTI DAMAN - MARKET AREA',	'2022-09-23 17:43:19',	0),
(663479,	25,	463,	1420,	0,	'Ward 2 - MOTI DAMAN - FOOTBALL GROUND',	'2022-09-23 17:43:19',	0),
(663480,	25,	463,	1421,	0,	'Ward 3 - NANI DAMAN - GANCHIWAD',	'2022-09-23 17:43:19',	0),
(663481,	25,	463,	1422,	0,	'Ward 4 - RANA STREET / JAIN STREET',	'2022-09-23 17:43:19',	0),
(663482,	25,	463,	1423,	0,	'Ward 5 - NANI DAMAN JETTY AREA',	'2022-09-23 17:43:19',	0),
(663483,	25,	463,	1424,	0,	'Ward 6 - ZAPABAR MAIN ROAD - TAXI STAND',	'2022-09-23 17:43:19',	0),
(663484,	25,	463,	1425,	0,	'Ward 7 - TIN BATTI TO TAXI STAND',	'2022-09-23 17:43:19',	0),
(663485,	25,	463,	1426,	0,	'Ward 8 - SATYANARAYAN MANDIR / CHAPPLI SHERI',	'2022-09-23 17:43:19',	0),
(663486,	25,	463,	1427,	0,	'Ward 9 - BHANDARWAD / CHINIYA SHERI',	'2022-09-23 17:43:19',	0),
(663487,	25,	463,	1428,	0,	'Ward 10 - MARWAD HOSPITAL / NARAYAN PARK',	'2022-09-23 17:43:19',	0),
(663488,	25,	463,	1429,	0,	'Ward 11 - DILIPNAGAR TO MASHAL CHOWK',	'2022-09-23 17:43:19',	0),
(663489,	25,	463,	1430,	0,	'Ward 12 - GOVT COLLEGE ROAD',	'2022-09-23 17:43:19',	0),
(663490,	25,	463,	1431,	0,	'Ward 13 - KHARIWAD / ICE FACTORY ROAD',	'2022-09-23 17:43:19',	0),
(663491,	25,	463,	1432,	0,	'Ward 14 - ROMA GAS / LIFE CARE HOSPITAL',	'2022-09-23 17:43:19',	0),
(663492,	25,	463,	1433,	0,	'Ward 15 - MITNAWAD / VAAD CHOWKI',	'2022-09-23 17:43:19',	0),
(663493,	25,	464,	999735,	0,	'Diu - Fudam',	'2023-03-20 17:20:00',	0),
(663494,	25,	464,	999736,	0,	'Ghoghla',	'2023-03-20 17:20:00',	0),
(663495,	25,	464,	999737,	0,	'Ghoghla - 2 - Urban',	'2023-03-20 17:20:00',	1),
(534704,	26,	465,	921572,	1,	'GALONDA',	'2020-04-29 16:22:36',	0),
(534705,	26,	465,	921574,	1,	'UMARKUI',	'2020-04-29 16:22:36',	0),
(534706,	26,	465,	921576,	1,	'FALANDI',	'2020-04-29 16:22:36',	0),
(534707,	26,	465,	524983,	1,	'Kala',	'2020-04-29 16:22:36',	0),
(534708,	26,	465,	524982,	1,	'Chauda',	'2020-04-29 16:22:36',	0),
(534709,	26,	465,	524935,	1,	'Sili',	'2020-04-29 16:22:36',	0),
(534710,	26,	465,	524952,	1,	'Vasona',	'2020-04-29 16:22:36',	0),
(534711,	26,	465,	524934,	1,	'Vaghchhipa',	'2020-04-29 16:22:36',	0),
(534712,	26,	465,	524933,	1,	'Tighra',	'2020-04-29 16:22:36',	0),
(534713,	26,	465,	524932,	1,	'Demani',	'2020-04-29 16:22:36',	0),
(534714,	26,	465,	524936,	1,	'Morkhal',	'2020-04-29 16:22:36',	0),
(534715,	26,	465,	524942,	1,	'Athola',	'2020-04-29 16:22:36',	0),
(534716,	26,	465,	524951,	1,	'Karad',	'2020-04-29 16:22:36',	0),
(534717,	26,	465,	524940,	1,	'Kilavani',	'2020-04-29 16:22:36',	0),
(534718,	26,	465,	524937,	1,	'Nana Randha',	'2020-04-29 16:22:36',	0),
(534719,	26,	465,	524939,	1,	'Bonta',	'2020-04-29 16:22:36',	0),
(534720,	26,	465,	524938,	1,	'Mota Randha',	'2020-04-29 16:22:36',	0),
(534721,	26,	465,	524944,	1,	'Kanadi',	'2020-04-29 16:22:36',	0),
(534722,	26,	465,	524943,	1,	'Dhapsa',	'2020-04-29 16:22:36',	0),
(534723,	26,	465,	524945,	1,	'Kharadpada',	'2020-04-29 16:22:36',	0),
(534724,	26,	465,	524981,	1,	'Khutali',	'2020-04-29 16:22:36',	0),
(534725,	26,	465,	524949,	1,	'Saily',	'2020-04-29 16:22:36',	0),
(534726,	26,	465,	524946,	1,	'Athal',	'2020-04-29 16:22:36',	0),
(534727,	26,	465,	524950,	1,	'Kudacha',	'2020-04-29 16:22:36',	0),
(534728,	26,	465,	524980,	1,	'Shelti',	'2020-04-29 16:22:36',	0),
(534729,	26,	465,	524954,	1,	'Luhari',	'2020-04-29 16:22:36',	0),
(534730,	26,	465,	524963,	1,	'Bindrabin',	'2020-04-29 16:22:36',	0),
(534731,	26,	465,	524953,	1,	'Chinchpada',	'2020-04-29 16:22:36',	0),
(534732,	26,	465,	524962,	1,	'Amboli',	'2020-04-29 16:22:36',	0),
(534733,	26,	465,	524957,	1,	'Pati',	'2020-04-29 16:22:36',	0),
(534734,	26,	465,	524956,	1,	'Dapada',	'2020-04-29 16:22:36',	0),
(534735,	26,	465,	524955,	1,	'Chikhali',	'2020-04-29 16:22:36',	0),
(534736,	26,	465,	524958,	1,	'Khadoli',	'2020-04-29 16:22:36',	0),
(534737,	26,	465,	524961,	1,	'Velugam',	'2020-04-29 16:22:36',	0),
(534738,	26,	465,	524960,	1,	'Apti',	'2020-04-29 16:22:36',	0),
(534739,	26,	465,	524959,	1,	'Surangi',	'2020-04-29 16:22:36',	0),
(534740,	26,	465,	524969,	1,	'Kothar',	'2020-04-29 16:22:36',	0),
(534741,	26,	465,	524979,	1,	'Kherarbari',	'2020-04-29 16:22:36',	0),
(534742,	26,	465,	524964,	1,	'Tinoda',	'2020-04-29 16:22:36',	0),
(534743,	26,	465,	524965,	1,	'Khanvel',	'2020-04-29 16:22:36',	0),
(534744,	26,	465,	524968,	1,	'Vaghchauda',	'2020-04-29 16:22:36',	0),
(534745,	26,	465,	524967,	1,	'Goratpada',	'2020-04-29 16:22:36',	0),
(534746,	26,	465,	524966,	1,	'Umbervarni',	'2020-04-29 16:22:36',	0),
(534747,	26,	465,	524971,	1,	'Ambabari',	'2020-04-29 16:22:36',	0),
(534748,	26,	465,	524970,	1,	'Medha',	'2020-04-29 16:22:36',	0),
(534749,	26,	465,	524972,	1,	'Jamalpada',	'2020-04-29 16:22:36',	0),
(534750,	26,	465,	524978,	1,	'Karchond',	'2020-04-29 16:22:36',	0),
(534751,	26,	465,	524977,	1,	'Ghodbari',	'2020-04-29 16:22:36',	0),
(534752,	26,	465,	524976,	1,	'Bildhari',	'2020-04-29 16:22:36',	0),
(534753,	26,	465,	524975,	1,	'Gunsa',	'2020-04-29 16:22:36',	0),
(534754,	26,	465,	524973,	1,	'Kauncha',	'2020-04-29 16:22:36',	0),
(534755,	26,	465,	524974,	1,	'Dudhani',	'2020-04-29 16:22:36',	0),
(534756,	26,	465,	524989,	1,	'Rudana',	'2020-04-29 16:22:36',	0),
(534757,	26,	465,	524988,	1,	'Talavali',	'2020-04-29 16:22:36',	0),
(534758,	26,	465,	524987,	1,	'Parzai',	'2020-04-29 16:22:36',	0),
(534759,	26,	465,	524984,	1,	'Karachgam',	'2020-04-29 16:22:36',	0),
(534760,	26,	465,	524986,	1,	'Dolara',	'2020-04-29 16:22:36',	0),
(534761,	26,	465,	524985,	1,	'Kherdi',	'2020-04-29 16:22:36',	0),
(534762,	26,	465,	524994,	1,	'Bedpa',	'2020-04-29 16:22:36',	0),
(534763,	26,	465,	524990,	1,	'Chinsda',	'2020-04-29 16:22:36',	0),
(534764,	26,	465,	524993,	1,	'Bensda',	'2020-04-29 16:22:36',	0),
(534765,	26,	465,	524991,	1,	'Mandoni',	'2020-04-29 16:22:36',	0),
(534766,	26,	465,	524992,	1,	'Vansda',	'2020-04-29 16:22:36',	0),
(534767,	26,	465,	524997,	1,	'Dadra (CT)',	'2020-04-29 16:22:36',	0),
(534768,	26,	465,	524996,	1,	'Khedpa',	'2020-04-29 16:22:36',	0),
(534769,	26,	465,	524995,	1,	'Sindoni',	'2020-04-29 16:22:36',	0),
(534770,	26,	465,	524998,	1,	'Naroli (CT)',	'2020-04-29 16:22:36',	0),
(534771,	26,	465,	525001,	1,	'Rakholi (CT)',	'2020-04-29 16:22:36',	0),
(534772,	26,	465,	525000,	1,	'Masat (CT)',	'2020-04-29 16:22:36',	0),
(534773,	26,	465,	524999,	1,	'Samarvarni (CT)',	'2020-04-29 16:22:36',	0),
(662743,	26,	465,	802639,	0,	'Silvassa',	'2020-05-20 13:41:41',	0),
(662885,	26,	465,	999142,	0,	'Other',	'2022-09-12 15:09:30',	0);

INSERT INTO `district` (`district_id`, `state_code`, `district_code`, `district_version`, `district_name`, `cencus_code_2001`, `cencus_code_2011`, `created_time`, `is_delete`) VALUES
(1,	35,	603,	1,	'NICOBARS',	2,	638,	'2020-04-28 18:02:22',	0),
(2,	35,	632,	1,	'NORTH AND MIDDLE ANDAMAN',	0,	639,	'2020-04-28 18:02:22',	0),
(3,	35,	602,	1,	'SOUTH ANDAMANS',	1,	640,	'2020-04-28 18:02:22',	0),
(4,	28,	502,	1,	'ANANTAPUR',	22,	553,	'2020-04-28 18:02:22',	0),
(5,	28,	503,	1,	'CHITTOOR',	23,	554,	'2020-04-28 18:02:22',	0),
(6,	28,	505,	1,	'EAST GODAVARI',	14,	545,	'2020-04-28 18:02:22',	0),
(7,	28,	506,	1,	'GUNTUR',	17,	548,	'2020-04-28 18:02:22',	0),
(8,	28,	510,	1,	'KRISHNA',	16,	547,	'2020-04-28 18:02:22',	0),
(9,	28,	511,	1,	'KURNOOL',	21,	552,	'2020-04-28 18:02:22',	0),
(10,	28,	517,	1,	'PRAKASAM',	18,	549,	'2020-04-28 18:02:22',	0),
(11,	28,	515,	1,	'SPSR NELLORE',	19,	550,	'2020-04-28 18:02:22',	0),
(12,	28,	519,	1,	'SRIKAKULAM',	11,	542,	'2020-04-28 18:02:22',	0),
(13,	28,	520,	1,	'VISAKHAPATANAM',	13,	544,	'2020-04-28 18:02:22',	0),
(14,	28,	521,	1,	'VIZIANAGARAM',	12,	543,	'2020-04-28 18:02:22',	0),
(15,	28,	523,	1,	'WEST GODAVARI',	15,	546,	'2020-04-28 18:02:22',	0),
(16,	28,	504,	1,	'Y.S.R.',	20,	551,	'2020-04-28 18:02:22',	0),
(17,	12,	628,	1,	'ANJAW',	0,	260,	'2020-04-28 18:02:22',	0),
(18,	12,	229,	1,	'CHANGLANG',	12,	253,	'2020-04-28 18:02:22',	0),
(19,	12,	230,	1,	'DIBANG VALLEY',	10,	257,	'2020-04-28 18:02:22',	0),
(20,	12,	231,	3,	'EAST KAMENG',	3,	247,	'2020-04-28 18:02:22',	0),
(21,	12,	232,	3,	'EAST SIANG',	8,	251,	'2020-04-28 18:02:22',	0),
(22,	12,	718,	1,	'KAMLE',	0,	0,	'2020-04-28 18:02:22',	0),
(23,	12,	677,	2,	'KRA  DAADI',	0,	0,	'2020-04-28 18:02:22',	0),
(24,	12,	233,	2,	'KURUNG KUMEY',	14,	256,	'2020-04-28 18:02:22',	0),
(25,	12,	724,	1,	'LEPARADA',	0,	0,	'2020-04-28 18:02:22',	0),
(26,	12,	234,	2,	'LOHIT',	11,	259,	'2020-04-28 18:02:22',	0),
(27,	12,	666,	1,	'LONGDING',	0,	0,	'2020-04-28 18:02:22',	0),
(28,	12,	235,	1,	'LOWER DIBANG VALLEY',	15,	258,	'2020-04-28 18:02:22',	0),
(29,	12,	719,	2,	'LOWER SIANG',	0,	0,	'2020-04-28 18:02:22',	0),
(30,	12,	236,	2,	'LOWER SUBANSIRI',	5,	255,	'2020-04-28 18:02:22',	0),
(31,	12,	678,	1,	'NAMSAI',	0,	0,	'2020-04-28 18:02:22',	0),
(32,	12,	723,	2,	'PAKKE KESSANG',	0,	0,	'2020-04-28 18:02:22',	0),
(33,	12,	237,	1,	'PAPUM PARE',	4,	248,	'2020-04-28 18:02:22',	0),
(34,	12,	725,	1,	'SHI YOMI',	0,	0,	'2020-04-28 18:02:22',	0),
(35,	12,	679,	1,	'SIANG',	0,	0,	'2020-04-28 18:02:22',	0),
(36,	12,	238,	1,	'TAWANG',	1,	245,	'2020-04-28 18:02:22',	0),
(37,	12,	239,	2,	'TIRAP',	13,	254,	'2020-04-28 18:02:22',	0),
(38,	12,	240,	1,	'UPPER SIANG',	9,	252,	'2020-04-28 18:02:22',	0),
(39,	12,	241,	2,	'UPPER SUBANSIRI',	6,	249,	'2020-04-28 18:02:22',	0),
(40,	12,	242,	1,	'WEST KAMENG',	2,	246,	'2020-04-28 18:02:22',	0),
(41,	12,	243,	4,	'WEST SIANG',	7,	250,	'2020-04-28 18:02:22',	0),
(42,	18,	616,	4,	'BAKSA',	0,	324,	'2020-04-28 18:02:22',	0),
(43,	18,	280,	2,	'BARPETA',	5,	303,	'2020-04-28 18:02:22',	0),
(44,	18,	705,	7,	'Biswanath',	0,	0,	'2020-04-28 18:02:22',	0),
(45,	18,	281,	2,	'BONGAIGAON',	4,	319,	'2020-04-28 18:02:22',	0),
(46,	18,	282,	1,	'CACHAR',	21,	316,	'2020-04-28 18:02:22',	0),
(47,	18,	708,	1,	'CHARAIDEO',	0,	0,	'2020-04-28 18:02:22',	0),
(48,	18,	612,	2,	'CHIRANG',	0,	320,	'2020-04-28 18:02:22',	0),
(49,	18,	283,	5,	'DARRANG',	8,	325,	'2020-04-28 18:02:22',	0),
(50,	18,	284,	1,	'DHEMAJI',	13,	308,	'2020-04-28 18:02:22',	0),
(51,	18,	285,	9,	'DHUBRI',	2,	301,	'2020-04-28 18:02:22',	0),
(52,	18,	286,	1,	'DIBRUGARH',	15,	310,	'2020-04-28 18:02:22',	0),
(53,	18,	299,	2,	'DIMA HASAO',	20,	315,	'2020-04-28 18:02:22',	0),
(54,	18,	287,	1,	'GOALPARA',	3,	302,	'2020-04-28 18:02:22',	0),
(55,	18,	288,	1,	'GOLAGHAT',	18,	313,	'2020-04-28 18:02:22',	0),
(56,	18,	289,	1,	'HAILAKANDI',	23,	318,	'2020-04-28 18:02:22',	0),
(57,	18,	709,	2,	'HOJAI',	0,	0,	'2020-04-28 18:02:22',	0),
(58,	18,	290,	2,	'JORHAT',	17,	312,	'2020-04-28 18:02:22',	0),
(59,	18,	291,	2,	'KAMRUP',	6,	321,	'2020-04-28 18:02:22',	0),
(60,	18,	618,	2,	'KAMRUP METRO',	0,	322,	'2020-04-28 18:02:22',	0),
(61,	18,	292,	2,	'KARBI ANGLONG',	19,	314,	'2020-04-28 18:02:22',	0),
(62,	18,	293,	1,	'KARIMGANJ',	22,	317,	'2020-04-28 18:02:22',	0),
(63,	18,	294,	1,	'KOKRAJHAR',	1,	300,	'2020-04-28 18:02:22',	0),
(64,	18,	295,	1,	'LAKHIMPUR',	12,	307,	'2020-04-28 18:02:22',	0),
(65,	18,	706,	1,	'MAJULI',	0,	0,	'2020-04-28 18:02:22',	0),
(66,	18,	296,	1,	'MARIGAON',	9,	304,	'2020-04-28 18:02:22',	0),
(67,	18,	297,	3,	'NAGAON',	10,	305,	'2020-04-28 18:02:22',	0),
(68,	18,	298,	2,	'NALBARI',	7,	323,	'2020-04-28 18:02:22',	0),
(69,	18,	300,	2,	'SIVASAGAR',	16,	311,	'2020-04-28 18:02:22',	0),
(70,	18,	301,	8,	'SONITPUR',	11,	306,	'2020-04-28 18:02:22',	0),
(71,	18,	707,	8,	'SOUTH SALMARA MANCACHAR',	0,	0,	'2020-04-28 18:02:22',	0),
(72,	18,	302,	1,	'TINSUKIA',	14,	309,	'2020-04-28 18:02:22',	0),
(73,	18,	617,	4,	'UDALGURI',	0,	326,	'2020-04-28 18:02:22',	0),
(74,	18,	710,	1,	'WEST KARBI ANGLONG',	0,	0,	'2020-04-28 18:02:22',	0),
(75,	10,	188,	1,	'ARARIA',	7,	209,	'2020-04-28 18:02:22',	0),
(76,	10,	611,	2,	'ARWAL',	33,	240,	'2020-04-28 18:02:22',	0),
(77,	10,	189,	2,	'AURANGABAD',	34,	235,	'2020-04-28 18:02:22',	0),
(78,	10,	190,	1,	'BANKA',	23,	225,	'2020-04-28 18:02:22',	0),
(79,	10,	191,	1,	'BEGUSARAI',	20,	222,	'2020-04-28 18:02:22',	0),
(80,	10,	192,	2,	'BHAGALPUR',	22,	224,	'2020-04-28 18:02:22',	0),
(81,	10,	193,	2,	'BHOJPUR',	29,	231,	'2020-04-28 18:02:22',	0),
(82,	10,	194,	1,	'BUXAR',	30,	232,	'2020-04-28 18:02:22',	0),
(83,	10,	195,	2,	'DARBHANGA',	13,	215,	'2020-04-28 18:02:22',	0),
(84,	10,	196,	1,	'GAYA',	35,	236,	'2020-04-28 18:02:22',	0),
(85,	10,	197,	1,	'GOPALGANJ',	15,	217,	'2020-04-28 18:02:22',	0),
(86,	10,	198,	1,	'JAMUI',	37,	238,	'2020-04-28 18:02:22',	0),
(87,	10,	199,	1,	'JEHANABAD',	33,	239,	'2020-04-28 18:02:22',	0),
(88,	10,	200,	1,	'KAIMUR (BHABUA)',	31,	233,	'2020-04-28 18:02:22',	0),
(89,	10,	201,	1,	'KATIHAR',	10,	212,	'2020-04-28 18:02:22',	0),
(90,	10,	202,	1,	'KHAGARIA',	21,	223,	'2020-04-28 18:02:22',	0),
(91,	10,	203,	1,	'KISHANGANJ',	8,	210,	'2020-04-28 18:02:22',	0),
(92,	10,	204,	1,	'LAKHISARAI',	25,	227,	'2020-04-28 18:02:22',	0),
(93,	10,	205,	1,	'MADHEPURA',	11,	213,	'2020-04-28 18:02:22',	0),
(94,	10,	206,	1,	'MADHUBANI',	5,	207,	'2020-04-28 18:02:22',	0),
(95,	10,	207,	1,	'MUNGER',	24,	226,	'2020-04-28 18:02:22',	0),
(96,	10,	208,	1,	'MUZAFFARPUR',	14,	216,	'2020-04-28 18:02:22',	0),
(97,	10,	209,	1,	'NALANDA',	27,	229,	'2020-04-28 18:02:22',	0),
(98,	10,	210,	1,	'NAWADA',	36,	237,	'2020-04-28 18:02:22',	0),
(99,	10,	211,	1,	'PASHCHIM CHAMPARAN',	1,	203,	'2020-04-28 18:02:22',	0),
(100,	10,	212,	1,	'PATNA',	28,	230,	'2020-04-28 18:02:22',	0),
(101,	10,	213,	1,	'PURBI CHAMPARAN',	2,	204,	'2020-04-28 18:02:22',	0),
(102,	10,	214,	1,	'PURNIA',	9,	211,	'2020-04-28 18:02:22',	0),
(103,	10,	215,	1,	'ROHTAS',	32,	234,	'2020-04-28 18:02:22',	0),
(104,	10,	216,	1,	'SAHARSA',	12,	214,	'2020-04-28 18:02:22',	0),
(105,	10,	217,	1,	'SAMASTIPUR',	19,	221,	'2020-04-28 18:02:22',	0),
(106,	10,	218,	1,	'SARAN',	17,	219,	'2020-04-28 18:02:22',	0),
(107,	10,	219,	1,	'SHEIKHPURA',	26,	228,	'2020-04-28 18:02:22',	0),
(108,	10,	220,	1,	'SHEOHAR',	3,	205,	'2020-04-28 18:02:22',	0),
(109,	10,	221,	1,	'SITAMARHI',	4,	206,	'2020-04-28 18:02:22',	0),
(110,	10,	222,	1,	'SIWAN',	16,	218,	'2020-04-28 18:02:22',	0),
(111,	10,	223,	1,	'SUPAUL',	6,	208,	'2020-04-28 18:02:22',	0),
(112,	10,	224,	2,	'VAISHALI',	18,	220,	'2020-04-28 18:02:22',	0),
(113,	4,	44,	1,	'CHANDIGARH',	1,	55,	'2020-04-28 18:02:22',	0),
(114,	22,	646,	1,	'BALOD',	0,	0,	'2020-04-28 18:02:22',	0),
(115,	22,	644,	1,	'BALODA BAZAR',	0,	0,	'2020-04-28 18:02:22',	0),
(116,	22,	649,	1,	'BALRAMPUR',	0,	0,	'2020-04-28 18:02:22',	0),
(117,	22,	374,	1,	'BASTAR',	15,	414,	'2020-04-28 18:02:22',	0),
(118,	22,	650,	1,	'BEMETARA',	0,	0,	'2020-04-28 18:02:22',	0),
(119,	22,	636,	1,	'BIJAPUR',	16,	417,	'2020-04-28 18:02:22',	0),
(120,	22,	375,	2,	'BILASPUR',	7,	406,	'2020-04-28 18:02:22',	0),
(121,	22,	376,	1,	'DANTEWADA',	16,	416,	'2020-04-28 18:02:22',	0),
(122,	22,	377,	1,	'DHAMTARI',	13,	412,	'2020-04-28 18:02:22',	0),
(123,	22,	378,	1,	'DURG',	10,	409,	'2020-04-28 18:02:22',	0),
(124,	22,	645,	1,	'GARIYABAND',	0,	645,	'2020-04-28 18:02:22',	0),
(125,	22,	734,	1,	'Gaurella Pendra Marwahi',	0,	0,	'2020-04-28 18:02:22',	0),
(126,	22,	379,	1,	'JANJGIR-CHAMPA',	6,	405,	'2020-04-28 18:02:22',	0),
(127,	22,	380,	1,	'JASHPUR',	3,	402,	'2020-04-28 18:02:22',	0),
(128,	22,	382,	1,	'KABIRDHAM',	8,	407,	'2020-04-28 18:02:22',	0),
(129,	22,	381,	1,	'KANKER',	14,	413,	'2020-04-28 18:02:22',	0),
(130,	22,	643,	1,	'KONDAGAON',	0,	0,	'2020-04-28 18:02:22',	0),
(131,	22,	383,	1,	'KORBA',	5,	404,	'2020-04-28 18:02:22',	0),
(132,	22,	384,	1,	'KOREA',	1,	400,	'2020-04-28 18:02:22',	0),
(133,	22,	385,	1,	'MAHASAMUND',	12,	411,	'2020-04-28 18:02:22',	0),
(134,	22,	647,	1,	'MUNGELI',	0,	0,	'2020-04-28 18:02:22',	0),
(135,	22,	637,	1,	'NARAYANPUR',	0,	415,	'2020-04-28 18:02:22',	0),
(136,	22,	386,	1,	'RAIGARH',	4,	403,	'2020-04-28 18:02:22',	0),
(137,	22,	387,	1,	'RAIPUR',	11,	410,	'2020-04-28 18:02:22',	0),
(138,	22,	388,	1,	'RAJNANDGAON',	9,	408,	'2020-04-28 18:02:22',	0),
(139,	22,	642,	1,	'SUKMA',	0,	0,	'2020-04-28 18:02:22',	0),
(140,	22,	648,	1,	'SURAJPUR',	0,	0,	'2020-04-28 18:02:22',	0),
(141,	22,	389,	1,	'SURGUJA',	2,	401,	'2020-04-28 18:02:22',	0),
(142,	26,	465,	1,	'DADRA AND NAGAR HAVELI',	1,	496,	'2020-04-28 18:02:22',	0),
(143,	25,	463,	1,	'DAMAN',	2,	495,	'2020-04-28 18:02:22',	0),
(144,	25,	464,	1,	'DIU',	1,	494,	'2020-04-28 18:02:22',	0),
(145,	7,	77,	1,	'CENTRAL',	6,	95,	'2020-04-28 18:02:22',	0),
(146,	7,	78,	2,	'EAST',	4,	93,	'2020-04-28 18:02:22',	0),
(147,	7,	79,	1,	'NEW DELHI',	5,	94,	'2020-04-28 18:02:22',	0),
(148,	7,	80,	1,	'NORTH',	2,	91,	'2020-04-28 18:02:22',	0),
(149,	7,	81,	2,	'NORTH EAST',	3,	92,	'2020-04-28 18:02:22',	0),
(150,	7,	82,	1,	'NORTH WEST',	1,	90,	'2020-04-28 18:02:22',	0),
(151,	7,	671,	1,	'SHAHDARA',	0,	0,	'2020-04-28 18:02:22',	0),
(152,	7,	83,	2,	'SOUTH',	9,	98,	'2020-04-28 18:02:22',	0),
(153,	7,	670,	1,	'South East',	0,	0,	'2020-04-28 18:02:22',	0),
(154,	7,	84,	1,	'SOUTH WEST',	8,	97,	'2020-04-28 18:02:22',	0),
(155,	7,	85,	1,	'WEST',	7,	96,	'2020-04-28 18:02:22',	0),
(156,	30,	551,	1,	'NORTH GOA',	1,	585,	'2020-04-28 18:02:22',	0),
(157,	30,	552,	1,	'SOUTH GOA',	2,	586,	'2020-04-28 18:02:22',	0),
(158,	24,	438,	2,	'AHMADABAD',	7,	474,	'2020-04-28 18:02:22',	0),
(159,	24,	439,	1,	'AMRELI',	13,	480,	'2020-04-28 18:02:22',	0),
(160,	24,	440,	1,	'ANAND',	15,	482,	'2020-04-28 18:02:22',	0),
(161,	24,	672,	1,	'ARVALLI',	0,	0,	'2020-04-28 18:02:22',	0),
(162,	24,	441,	1,	'BANAS KANTHA',	2,	469,	'2020-04-28 18:02:22',	0),
(163,	24,	442,	1,	'BHARUCH',	21,	488,	'2020-04-28 18:02:22',	0),
(164,	24,	443,	2,	'BHAVNAGAR',	14,	481,	'2020-04-28 18:02:22',	0),
(165,	24,	676,	1,	'BOTAD',	0,	0,	'2020-04-28 18:02:22',	0),
(166,	24,	668,	1,	'CHHOTAUDEPUR',	0,	0,	'2020-04-28 18:02:22',	0),
(167,	24,	444,	1,	'DANG',	23,	489,	'2020-04-28 18:02:22',	0),
(168,	24,	674,	1,	'DEVBHUMI DWARKA',	0,	0,	'2020-04-28 18:02:22',	0),
(169,	24,	445,	1,	'DOHAD',	18,	485,	'2020-04-28 18:02:22',	0),
(170,	24,	446,	1,	'GANDHINAGAR',	6,	473,	'2020-04-28 18:02:22',	0),
(171,	24,	675,	1,	'GIR SOMNATH',	0,	0,	'2020-04-28 18:02:22',	0),
(172,	24,	447,	2,	'JAMNAGAR',	10,	477,	'2020-04-28 18:02:22',	0),
(173,	24,	448,	2,	'JUNAGADH',	12,	479,	'2020-04-28 18:02:22',	0),
(174,	24,	449,	1,	'KACHCHH',	1,	468,	'2020-04-28 18:02:22',	0),
(175,	24,	450,	2,	'KHEDA',	16,	483,	'2020-04-28 18:02:22',	0),
(176,	24,	451,	1,	'MAHESANA',	4,	471,	'2020-04-28 18:02:22',	0),
(177,	24,	669,	1,	'Mahisagar',	0,	0,	'2020-04-28 18:02:22',	0),
(178,	24,	673,	1,	'MORBI',	0,	0,	'2020-04-28 18:02:22',	0),
(179,	24,	452,	1,	'NARMADA',	20,	487,	'2020-04-28 18:02:22',	0),
(180,	24,	453,	1,	'NAVSARI',	24,	490,	'2020-04-28 18:02:22',	0),
(181,	24,	454,	2,	'PANCH MAHALS',	17,	484,	'2020-04-28 18:02:22',	0),
(182,	24,	455,	1,	'PATAN',	3,	470,	'2020-04-28 18:02:22',	0),
(183,	24,	456,	1,	'PORBANDAR',	11,	478,	'2020-04-28 18:02:22',	0),
(184,	24,	457,	2,	'RAJKOT',	9,	476,	'2020-04-28 18:02:22',	0),
(185,	24,	458,	2,	'SABAR KANTHA',	5,	472,	'2020-04-28 18:02:22',	0),
(186,	24,	459,	1,	'SURAT',	22,	492,	'2020-04-28 18:02:22',	0),
(187,	24,	460,	2,	'SURENDRANAGAR',	8,	475,	'2020-04-28 18:02:22',	0),
(188,	24,	641,	1,	'TAPI',	0,	493,	'2020-04-28 18:02:22',	0),
(189,	24,	461,	2,	'VADODARA',	19,	486,	'2020-04-28 18:02:22',	0),
(190,	24,	462,	1,	'VALSAD',	25,	491,	'2020-04-28 18:02:22',	0),
(191,	6,	58,	1,	'AMBALA',	2,	70,	'2020-04-28 18:02:22',	0),
(192,	6,	59,	2,	'BHIWANI',	13,	81,	'2020-04-28 18:02:22',	0),
(193,	6,	701,	1,	'CHARKI DADRI',	0,	0,	'2020-04-28 18:02:22',	0),
(194,	6,	60,	1,	'FARIDABAD',	19,	88,	'2020-04-28 18:02:22',	0),
(195,	6,	61,	1,	'FATEHABAD',	10,	78,	'2020-04-28 18:02:22',	0),
(196,	6,	62,	2,	'GURUGRAM',	18,	86,	'2020-04-28 18:02:22',	0),
(197,	6,	63,	1,	'HISAR',	12,	80,	'2020-04-28 18:02:22',	0),
(198,	6,	64,	1,	'JHAJJAR',	15,	83,	'2020-04-28 18:02:22',	0),
(199,	6,	65,	1,	'JIND',	9,	77,	'2020-04-28 18:02:22',	0),
(200,	6,	66,	1,	'KAITHAL',	5,	73,	'2020-04-28 18:02:22',	0),
(201,	6,	67,	1,	'KARNAL',	6,	74,	'2020-04-28 18:02:22',	0),
(202,	6,	68,	1,	'KURUKSHETRA',	4,	72,	'2020-04-28 18:02:22',	0),
(203,	6,	69,	1,	'MAHENDRAGARH',	16,	84,	'2020-04-28 18:02:22',	0),
(204,	6,	604,	2,	'NUH',	0,	87,	'2020-04-28 18:02:22',	0),
(205,	6,	619,	1,	'PALWAL',	0,	89,	'2020-04-28 18:02:22',	0),
(206,	6,	70,	1,	'PANCHKULA',	1,	69,	'2020-04-28 18:02:22',	0),
(207,	6,	71,	1,	'PANIPAT',	7,	75,	'2020-04-28 18:02:22',	0),
(208,	6,	72,	1,	'REWARI',	17,	85,	'2020-04-28 18:02:22',	0),
(209,	6,	73,	1,	'ROHTAK',	14,	82,	'2020-04-28 18:02:22',	0),
(210,	6,	74,	1,	'SIRSA',	11,	79,	'2020-04-28 18:02:22',	0),
(211,	6,	75,	1,	'SONIPAT',	8,	76,	'2020-04-28 18:02:22',	0),
(212,	6,	76,	1,	'YAMUNANAGAR',	3,	71,	'2020-04-28 18:02:22',	0),
(213,	2,	15,	3,	'BILASPUR',	8,	30,	'2020-04-28 18:02:22',	0),
(214,	2,	16,	1,	'CHAMBA',	1,	23,	'2020-04-28 18:02:22',	0),
(215,	2,	17,	1,	'HAMIRPUR',	6,	28,	'2020-04-28 18:02:22',	0),
(216,	2,	18,	1,	'KANGRA',	2,	24,	'2020-04-28 18:02:22',	0),
(217,	2,	19,	1,	'KINNAUR',	12,	34,	'2020-04-28 18:02:22',	0),
(218,	2,	20,	1,	'KULLU',	4,	26,	'2020-04-28 18:02:22',	0),
(219,	2,	21,	1,	'LAHUL AND SPITI',	3,	25,	'2020-04-28 18:02:22',	0),
(220,	2,	22,	1,	'MANDI',	5,	27,	'2020-04-28 18:02:22',	0),
(221,	2,	23,	1,	'SHIMLA',	11,	33,	'2020-04-28 18:02:22',	0),
(222,	2,	24,	1,	'SIRMAUR',	10,	32,	'2020-04-28 18:02:22',	0),
(223,	2,	25,	1,	'SOLAN',	9,	31,	'2020-04-28 18:02:22',	0),
(224,	2,	26,	3,	'UNA',	7,	29,	'2020-04-28 18:02:22',	0),
(225,	1,	1,	1,	'ANANTNAG',	6,	14,	'2020-04-28 18:02:22',	0),
(226,	1,	623,	1,	'BANDIPORA',	0,	9,	'2020-04-28 18:02:22',	0),
(227,	1,	3,	1,	'BARAMULLA',	2,	8,	'2020-04-28 18:02:22',	0),
(228,	1,	2,	2,	'Budgam',	4,	2,	'2020-04-28 18:02:22',	0),
(229,	1,	4,	1,	'DODA',	9,	16,	'2020-04-28 18:02:22',	0),
(230,	1,	626,	1,	'GANDERBAL',	0,	11,	'2020-04-28 18:02:22',	0),
(231,	1,	5,	1,	'JAMMU',	13,	21,	'2020-04-28 18:02:22',	0),
(232,	1,	7,	1,	'KATHUA',	14,	7,	'2020-04-28 18:02:22',	0),
(233,	1,	620,	1,	'KISHTWAR',	9,	18,	'2020-04-28 18:02:22',	0),
(234,	1,	622,	1,	'KULGAM',	0,	15,	'2020-04-28 18:02:22',	0),
(235,	1,	8,	1,	'KUPWARA',	1,	1,	'2020-04-28 18:02:22',	0),
(236,	1,	10,	1,	'POONCH',	11,	5,	'2020-04-28 18:02:22',	0),
(237,	1,	11,	1,	'PULWAMA',	5,	12,	'2020-04-28 18:02:22',	0),
(238,	1,	12,	2,	'RAJOURI',	12,	6,	'2020-04-28 18:02:22',	0),
(239,	1,	621,	1,	'RAMBAN',	9,	17,	'2020-04-28 18:02:22',	0),
(240,	1,	627,	1,	'REASI',	0,	20,	'2020-04-28 18:02:22',	0),
(241,	1,	624,	1,	'SAMBA',	0,	22,	'2020-04-28 18:02:22',	0),
(242,	1,	625,	1,	'SHOPIAN',	0,	13,	'2020-04-28 18:02:22',	0),
(243,	1,	13,	1,	'SRINAGAR',	3,	10,	'2020-04-28 18:02:22',	0),
(244,	1,	14,	1,	'UDHAMPUR',	10,	19,	'2020-04-28 18:02:22',	0),
(245,	20,	322,	1,	'BOKARO',	13,	355,	'2020-04-28 18:02:22',	0),
(246,	20,	323,	1,	'CHATRA',	3,	347,	'2020-04-28 18:02:22',	0),
(247,	20,	324,	1,	'DEOGHAR',	7,	350,	'2020-04-28 18:02:22',	0),
(248,	20,	325,	1,	'DHANBAD',	12,	354,	'2020-04-28 18:02:22',	0),
(249,	20,	326,	1,	'DUMKA',	11,	362,	'2020-04-28 18:02:22',	0),
(250,	20,	327,	1,	'EAST SINGHBUM',	18,	357,	'2020-04-28 18:02:22',	0),
(251,	20,	328,	1,	'GARHWA',	1,	346,	'2020-04-28 18:02:22',	0),
(252,	20,	329,	1,	'GIRIDIH',	6,	349,	'2020-04-28 18:02:22',	0),
(253,	20,	330,	1,	'GODDA',	8,	351,	'2020-04-28 18:02:22',	0),
(254,	20,	331,	1,	'GUMLA',	16,	366,	'2020-04-28 18:02:22',	0),
(255,	20,	332,	1,	'HAZARIBAGH',	4,	360,	'2020-04-28 18:02:22',	0),
(256,	20,	333,	1,	'JAMTARA',	20,	363,	'2020-04-28 18:02:22',	0),
(257,	20,	606,	1,	'KHUNTI',	14,	365,	'2020-04-28 18:02:22',	0),
(258,	20,	334,	1,	'KODERMA',	5,	348,	'2020-04-28 18:02:22',	0),
(259,	20,	335,	1,	'LATEHAR',	2,	359,	'2020-04-28 18:02:22',	0),
(260,	20,	336,	1,	'LOHARDAGA',	15,	356,	'2020-04-28 18:02:22',	0),
(261,	20,	337,	1,	'PAKUR',	10,	353,	'2020-04-28 18:02:22',	0),
(262,	20,	338,	1,	'PALAMU',	2,	358,	'2020-04-28 18:02:22',	0),
(263,	20,	607,	1,	'RAMGARH',	4,	361,	'2020-04-28 18:02:22',	0),
(264,	20,	339,	1,	'RANCHI',	14,	364,	'2020-04-28 18:02:22',	0),
(265,	20,	340,	1,	'SAHEBGANJ',	9,	352,	'2020-04-28 18:02:22',	0),
(266,	20,	341,	1,	'SARAIKELA KHARSAWAN',	17,	369,	'2020-04-28 18:02:22',	0),
(267,	20,	342,	1,	'SIMDEGA',	21,	367,	'2020-04-28 18:02:22',	0),
(268,	20,	343,	1,	'WEST SINGHBHUM',	17,	368,	'2020-04-28 18:02:22',	0),
(269,	29,	524,	2,	'BAGALKOTE',	2,	556,	'2020-04-28 18:02:22',	0),
(270,	29,	528,	2,	'BALLARI',	12,	565,	'2020-04-28 18:02:22',	0),
(271,	29,	527,	2,	'BELAGAVI',	1,	555,	'2020-04-28 18:02:22',	0),
(272,	29,	526,	2,	'BENGALURU RURAL',	21,	583,	'2020-04-28 18:02:22',	0),
(273,	29,	525,	1,	'BENGALURU URBAN',	20,	572,	'2020-04-28 18:02:22',	0),
(274,	29,	529,	1,	'BIDAR',	5,	558,	'2020-04-28 18:02:22',	0),
(275,	29,	531,	2,	'CHAMARAJANAGARA',	27,	578,	'2020-04-28 18:02:22',	0),
(276,	29,	630,	2,	'CHIKKABALLAPURA',	19,	582,	'2020-04-28 18:02:22',	0),
(277,	29,	532,	2,	'CHIKKAMAGALURU',	17,	570,	'2020-04-28 18:02:22',	0),
(278,	29,	533,	1,	'CHITRADURGA',	13,	566,	'2020-04-28 18:02:22',	0),
(279,	29,	534,	2,	'DAKSHINA KANNADA',	24,	575,	'2020-04-28 18:02:22',	0),
(280,	29,	535,	1,	'DAVANGERE',	14,	567,	'2020-04-28 18:02:22',	0),
(281,	29,	536,	1,	'DHARWAD',	9,	562,	'2020-04-28 18:02:22',	0),
(282,	29,	537,	1,	'GADAG',	8,	561,	'2020-04-28 18:02:22',	0),
(283,	29,	539,	1,	'HASSAN',	23,	574,	'2020-04-28 18:02:22',	0),
(284,	29,	540,	1,	'HAVERI',	11,	564,	'2020-04-28 18:02:22',	0),
(285,	29,	538,	2,	'KALABURAGI',	4,	579,	'2020-04-28 18:02:22',	0),
(286,	29,	541,	1,	'KODAGU',	25,	576,	'2020-04-28 18:02:22',	0),
(287,	29,	542,	1,	'KOLAR',	19,	581,	'2020-04-28 18:02:22',	0),
(288,	29,	543,	1,	'KOPPAL',	7,	560,	'2020-04-28 18:02:22',	0),
(289,	29,	544,	1,	'MANDYA',	22,	573,	'2020-04-28 18:02:22',	0),
(290,	29,	545,	2,	'MYSURU',	26,	577,	'2020-04-28 18:02:22',	0),
(291,	29,	546,	1,	'RAICHUR',	6,	559,	'2020-04-28 18:02:22',	0),
(292,	29,	631,	1,	'RAMANAGARA',	21,	584,	'2020-04-28 18:02:22',	0),
(293,	29,	547,	2,	'SHIVAMOGGA',	15,	568,	'2020-04-28 18:02:22',	0),
(294,	29,	548,	2,	'TUMAKURU',	18,	571,	'2020-04-28 18:02:22',	0),
(295,	29,	549,	1,	'UDUPI',	16,	569,	'2020-04-28 18:02:22',	0),
(296,	29,	550,	2,	'UTTARA KANNADA',	10,	563,	'2020-04-28 18:02:22',	0),
(297,	29,	530,	2,	'VIJAYAPURA',	3,	557,	'2020-04-28 18:02:22',	0),
(298,	29,	635,	1,	'YADGIR',	4,	580,	'2020-04-28 18:02:22',	0),
(299,	32,	554,	1,	'ALAPPUZHA',	11,	598,	'2020-04-28 18:02:22',	0),
(300,	32,	555,	1,	'ERNAKULAM',	8,	595,	'2020-04-28 18:02:22',	0),
(301,	32,	556,	1,	'IDUKKI',	9,	596,	'2020-04-28 18:02:22',	0),
(302,	32,	557,	1,	'KANNUR',	2,	589,	'2020-04-28 18:02:22',	0),
(303,	32,	558,	1,	'KASARAGOD',	1,	588,	'2020-04-28 18:02:22',	0),
(304,	32,	559,	1,	'KOLLAM',	13,	600,	'2020-04-28 18:02:22',	0),
(305,	32,	560,	1,	'KOTTAYAM',	10,	597,	'2020-04-28 18:02:22',	0),
(306,	32,	561,	1,	'KOZHIKODE',	4,	591,	'2020-04-28 18:02:22',	0),
(307,	32,	562,	1,	'MALAPPURAM',	5,	592,	'2020-04-28 18:02:22',	0),
(308,	32,	563,	1,	'PALAKKAD',	6,	593,	'2020-04-28 18:02:22',	0),
(309,	32,	564,	1,	'PATHANAMTHITTA',	12,	599,	'2020-04-28 18:02:22',	0),
(310,	32,	565,	1,	'THIRUVANANTHAPURAM',	14,	601,	'2020-04-28 18:02:22',	0),
(311,	32,	566,	1,	'THRISSUR',	7,	594,	'2020-04-28 18:02:22',	0),
(312,	32,	567,	1,	'WAYANAD',	3,	590,	'2020-04-28 18:02:22',	0),
(313,	37,	6,	2,	'KARGIL',	8,	4,	'2020-04-28 18:02:22',	0),
(314,	37,	9,	2,	'LEH LADAKH',	7,	3,	'2020-04-28 18:02:22',	0),
(315,	31,	553,	1,	'LAKSHADWEEP DISTRICT',	1,	587,	'2020-04-28 18:02:22',	0),
(316,	23,	667,	1,	'AGAR MALWA',	0,	0,	'2020-04-28 18:02:22',	0),
(317,	23,	639,	1,	'ALIRAJPUR',	24,	465,	'2020-04-28 18:02:22',	0),
(318,	23,	390,	1,	'ANUPPUR',	16,	461,	'2020-04-28 18:02:22',	0),
(319,	23,	391,	1,	'ASHOKNAGAR',	46,	459,	'2020-04-28 18:02:22',	0),
(320,	23,	392,	1,	'BALAGHAT',	45,	457,	'2020-04-28 18:02:22',	0),
(321,	23,	393,	1,	'BARWANI',	28,	441,	'2020-04-28 18:02:22',	0),
(322,	23,	394,	1,	'BETUL',	35,	447,	'2020-04-28 18:02:22',	0),
(323,	23,	395,	1,	'BHIND',	3,	420,	'2020-04-28 18:02:22',	0),
(324,	23,	396,	1,	'BHOPAL',	32,	444,	'2020-04-28 18:02:22',	0),
(325,	23,	397,	1,	'BURHANPUR',	29,	467,	'2020-04-28 18:02:22',	0),
(326,	23,	398,	1,	'CHHATARPUR',	9,	425,	'2020-04-28 18:02:22',	0),
(327,	23,	399,	1,	'CHHINDWARA',	43,	455,	'2020-04-28 18:02:22',	0),
(328,	23,	400,	1,	'DAMOH',	12,	428,	'2020-04-28 18:02:22',	0),
(329,	23,	401,	2,	'DATIA',	5,	422,	'2020-04-28 18:02:22',	0),
(330,	23,	402,	1,	'DEWAS',	23,	437,	'2020-04-28 18:02:22',	0),
(331,	23,	403,	1,	'DHAR',	25,	438,	'2020-04-28 18:02:22',	0),
(332,	23,	404,	1,	'DINDORI',	41,	453,	'2020-04-28 18:02:22',	0),
(333,	23,	405,	1,	'EAST NIMAR',	29,	466,	'2020-04-28 18:02:22',	0),
(334,	23,	406,	1,	'GUNA',	7,	458,	'2020-04-28 18:02:22',	0),
(335,	23,	407,	1,	'GWALIOR',	4,	421,	'2020-04-28 18:02:22',	0),
(336,	23,	408,	1,	'HARDA',	36,	448,	'2020-04-28 18:02:22',	0),
(337,	23,	409,	1,	'HOSHANGABAD',	37,	449,	'2020-04-28 18:02:22',	0),
(338,	23,	410,	1,	'INDORE',	26,	439,	'2020-04-28 18:02:22',	0),
(339,	23,	411,	1,	'JABALPUR',	39,	451,	'2020-04-28 18:02:22',	0),
(340,	23,	412,	1,	'JHABUA',	24,	464,	'2020-04-28 18:02:22',	0),
(341,	23,	413,	1,	'KATNI',	38,	450,	'2020-04-28 18:02:22',	0),
(342,	23,	414,	1,	'KHARGONE',	27,	440,	'2020-04-28 18:02:22',	0),
(343,	23,	415,	1,	'MANDLA',	42,	454,	'2020-04-28 18:02:22',	0),
(344,	23,	416,	1,	'MANDSAUR',	19,	433,	'2020-04-28 18:02:22',	0),
(345,	23,	417,	1,	'MORENA',	2,	419,	'2020-04-28 18:02:22',	0),
(346,	23,	418,	1,	'NARSINGHPUR',	40,	452,	'2020-04-28 18:02:22',	0),
(347,	23,	419,	1,	'NEEMUCH',	18,	432,	'2020-04-28 18:02:22',	0),
(348,	23,	722,	1,	'Niwari',	0,	0,	'2020-04-28 18:02:22',	0),
(349,	23,	420,	1,	'PANNA',	10,	426,	'2020-04-28 18:02:22',	0),
(350,	23,	421,	1,	'RAISEN',	34,	446,	'2020-04-28 18:02:22',	0),
(351,	23,	422,	1,	'RAJGARH',	30,	442,	'2020-04-28 18:02:22',	0),
(352,	23,	423,	1,	'RATLAM',	20,	434,	'2020-04-28 18:02:22',	0),
(353,	23,	424,	1,	'REWA',	14,	430,	'2020-04-28 18:02:22',	0),
(354,	23,	425,	1,	'SAGAR',	11,	427,	'2020-04-28 18:02:22',	0),
(355,	23,	426,	1,	'SATNA',	13,	429,	'2020-04-28 18:02:22',	0),
(356,	23,	427,	1,	'SEHORE',	33,	445,	'2020-04-28 18:02:22',	0),
(357,	23,	428,	1,	'SEONI',	44,	456,	'2020-04-28 18:02:22',	0),
(358,	23,	429,	1,	'SHAHDOL',	16,	460,	'2020-04-28 18:02:22',	0),
(359,	23,	430,	2,	'SHAJAPUR',	22,	436,	'2020-04-28 18:02:22',	0),
(360,	23,	431,	1,	'SHEOPUR',	1,	418,	'2020-04-28 18:02:22',	0),
(361,	23,	432,	2,	'SHIVPURI',	6,	423,	'2020-04-28 18:02:22',	0),
(362,	23,	433,	1,	'SIDHI',	17,	462,	'2020-04-28 18:02:22',	0),
(363,	23,	638,	1,	'SINGRAULI',	0,	463,	'2020-04-28 18:02:22',	0),
(364,	23,	434,	2,	'TIKAMGARH',	8,	424,	'2020-04-28 18:02:22',	0),
(365,	23,	435,	1,	'UJJAIN',	21,	435,	'2020-04-28 18:02:22',	0),
(366,	23,	436,	1,	'UMARIA',	15,	431,	'2020-04-28 18:02:22',	0),
(367,	23,	437,	1,	'VIDISHA',	31,	443,	'2020-04-28 18:02:22',	0),
(368,	27,	466,	1,	'AHMEDNAGAR',	26,	522,	'2020-04-28 18:02:22',	0),
(369,	27,	467,	1,	'AKOLA',	5,	501,	'2020-04-28 18:02:22',	0),
(370,	27,	468,	1,	'AMRAVATI',	7,	503,	'2020-04-28 18:02:22',	0),
(371,	27,	469,	1,	'AURANGABAD',	19,	515,	'2020-04-28 18:02:22',	0),
(372,	27,	470,	1,	'BEED',	27,	523,	'2020-04-28 18:02:22',	0),
(373,	27,	471,	1,	'BHANDARA',	10,	506,	'2020-04-28 18:02:22',	0),
(374,	27,	472,	1,	'BULDHANA',	4,	500,	'2020-04-28 18:02:22',	0),
(375,	27,	473,	1,	'CHANDRAPUR',	13,	509,	'2020-04-28 18:02:22',	0),
(376,	27,	474,	1,	'DHULE',	2,	498,	'2020-04-28 18:02:22',	0),
(377,	27,	475,	1,	'GADCHIROLI',	12,	508,	'2020-04-28 18:02:22',	0),
(378,	27,	476,	1,	'GONDIA',	11,	507,	'2020-04-28 18:02:22',	0),
(379,	27,	477,	1,	'HINGOLI',	16,	512,	'2020-04-28 18:02:22',	0),
(380,	27,	478,	2,	'JALGAON',	3,	499,	'2020-04-28 18:02:22',	0),
(381,	27,	479,	1,	'JALNA',	18,	514,	'2020-04-28 18:02:22',	0),
(382,	27,	480,	1,	'KOLHAPUR',	34,	530,	'2020-04-28 18:02:22',	0),
(383,	27,	481,	1,	'LATUR',	28,	524,	'2020-04-28 18:02:22',	0),
(384,	27,	482,	1,	'MUMBAI',	23,	519,	'2020-04-28 18:02:22',	0),
(385,	27,	483,	1,	'MUMBAI SUBURBAN',	22,	518,	'2020-04-28 18:02:22',	0),
(386,	27,	484,	1,	'NAGPUR',	9,	505,	'2020-04-28 18:02:22',	0),
(387,	27,	485,	1,	'NANDED',	15,	511,	'2020-04-28 18:02:22',	0),
(388,	27,	486,	1,	'NANDURBAR',	1,	497,	'2020-04-28 18:02:22',	0),
(389,	27,	487,	1,	'NASHIK',	20,	516,	'2020-04-28 18:02:22',	0),
(390,	27,	488,	1,	'OSMANABAD',	29,	525,	'2020-04-28 18:02:22',	0),
(391,	27,	665,	1,	'PALGHAR',	0,	0,	'2020-04-28 18:02:22',	0),
(392,	27,	489,	1,	'PARBHANI',	17,	513,	'2020-04-28 18:02:22',	0),
(393,	27,	490,	1,	'PUNE',	25,	521,	'2020-04-28 18:02:22',	0),
(394,	27,	491,	1,	'RAIGAD',	24,	520,	'2020-04-28 18:02:22',	0),
(395,	27,	492,	1,	'RATNAGIRI',	32,	528,	'2020-04-28 18:02:22',	0),
(396,	27,	493,	1,	'SANGLI',	35,	531,	'2020-04-28 18:02:22',	0),
(397,	27,	494,	1,	'SATARA',	31,	527,	'2020-04-28 18:02:22',	0),
(398,	27,	495,	1,	'SINDHUDURG',	33,	529,	'2020-04-28 18:02:22',	0),
(399,	27,	496,	1,	'SOLAPUR',	30,	526,	'2020-04-28 18:02:22',	0),
(400,	27,	497,	2,	'THANE',	21,	517,	'2020-04-28 18:02:22',	0),
(401,	27,	498,	1,	'WARDHA',	8,	504,	'2020-04-28 18:02:22',	0),
(402,	27,	499,	1,	'WASHIM',	6,	502,	'2020-04-28 18:02:22',	0),
(403,	27,	500,	1,	'YAVATMAL',	14,	510,	'2020-04-28 18:02:22',	0),
(404,	14,	252,	1,	'BISHNUPUR',	4,	275,	'2020-04-28 18:02:22',	0),
(405,	14,	253,	2,	'CHANDEL',	9,	280,	'2020-04-28 18:02:22',	0),
(406,	14,	254,	2,	'CHURACHANDPUR',	3,	274,	'2020-04-28 18:02:22',	0),
(407,	14,	255,	2,	'IMPHAL EAST',	7,	278,	'2020-04-28 18:02:22',	0),
(408,	14,	256,	1,	'IMPHAL WEST',	6,	277,	'2020-04-28 18:02:22',	0),
(409,	14,	713,	1,	'JIRIBAM',	0,	0,	'2020-04-28 18:02:22',	0),
(410,	14,	711,	1,	'KAKCHING',	0,	0,	'2020-04-28 18:02:22',	0),
(411,	14,	717,	1,	'KAMJONG',	0,	0,	'2020-04-28 18:02:22',	0),
(412,	14,	712,	1,	'KANGPOKPI',	0,	0,	'2020-04-28 18:02:22',	0),
(413,	14,	714,	1,	'NONEY',	0,	0,	'2020-04-28 18:02:22',	0),
(414,	14,	715,	1,	'PHERZAWL',	0,	0,	'2020-04-28 18:02:22',	0),
(415,	14,	257,	2,	'SENAPATI',	1,	272,	'2020-04-28 18:02:22',	0),
(416,	14,	258,	2,	'TAMENGLONG',	2,	273,	'2020-04-28 18:02:22',	0),
(417,	14,	716,	1,	'TENGNOUPAL',	0,	0,	'2020-04-28 18:02:22',	0),
(418,	14,	259,	2,	'THOUBAL',	5,	276,	'2020-04-28 18:02:22',	0),
(419,	14,	260,	2,	'UKHRUL',	8,	279,	'2020-04-28 18:02:22',	0),
(420,	17,	273,	2,	'EAST GARO HILLS',	2,	294,	'2020-04-28 18:02:22',	0),
(421,	17,	657,	1,	'EAST JAINTIA HILLS',	0,	0,	'2020-04-28 18:02:22',	0),
(422,	17,	274,	1,	'EAST KHASI HILLS',	6,	298,	'2020-04-28 18:02:22',	0),
(423,	17,	656,	1,	'NORTH GARO HILLS',	0,	0,	'2020-04-28 18:02:22',	0),
(424,	17,	276,	1,	'RI BHOI',	5,	297,	'2020-04-28 18:02:22',	0),
(425,	17,	277,	1,	'SOUTH GARO HILLS',	3,	295,	'2020-04-28 18:02:22',	0),
(426,	17,	663,	1,	'SOUTH WEST GARO HILLS',	0,	0,	'2020-04-28 18:02:22',	0),
(427,	17,	658,	1,	'SOUTH WEST KHASI HILLS',	0,	0,	'2020-04-28 18:02:22',	0),
(428,	17,	278,	2,	'WEST GARO HILLS',	1,	293,	'2020-04-28 18:02:22',	0),
(429,	17,	275,	3,	'WEST JAINTIA HILLS',	7,	299,	'2020-04-28 18:02:22',	0),
(430,	17,	279,	2,	'WEST KHASI HILLS',	4,	296,	'2020-04-28 18:02:22',	0),
(431,	15,	261,	4,	'AIZAWL',	3,	283,	'2020-04-28 18:02:22',	0),
(432,	15,	262,	3,	'CHAMPHAI',	4,	284,	'2020-04-28 18:02:22',	0),
(433,	15,	726,	1,	'Hnahthial',	0,	0,	'2020-04-28 18:02:22',	0),
(434,	15,	728,	1,	'KHAWZAWL',	0,	0,	'2020-04-28 18:02:22',	0),
(435,	15,	263,	1,	'KOLASIB',	2,	282,	'2020-04-28 18:02:22',	0),
(436,	15,	264,	1,	'LAWNGTLAI',	7,	287,	'2020-04-28 18:02:22',	0),
(437,	15,	265,	3,	'LUNGLEI',	6,	286,	'2020-04-28 18:02:22',	0),
(438,	15,	266,	1,	'MAMIT',	1,	281,	'2020-04-28 18:02:22',	0),
(439,	15,	267,	1,	'SAIHA',	8,	288,	'2020-04-28 18:02:22',	0),
(440,	15,	727,	4,	'SAITUAL',	0,	0,	'2020-04-28 18:02:22',	0),
(441,	15,	268,	2,	'SERCHHIP',	5,	285,	'2020-04-28 18:02:22',	0),
(442,	13,	244,	1,	'DIMAPUR',	6,	265,	'2020-04-28 18:02:22',	0),
(443,	13,	614,	1,	'KIPHIRE',	2,	269,	'2020-04-28 18:02:22',	0),
(444,	13,	245,	1,	'KOHIMA',	7,	270,	'2020-04-28 18:02:22',	0),
(445,	13,	615,	1,	'LONGLENG',	2,	268,	'2020-04-28 18:02:22',	0),
(446,	13,	246,	1,	'MOKOKCHUNG',	3,	262,	'2020-04-28 18:02:22',	0),
(447,	13,	247,	1,	'MON',	1,	261,	'2020-04-28 18:02:22',	0),
(448,	13,	613,	1,	'PEREN',	7,	271,	'2020-04-28 18:02:22',	0),
(449,	13,	248,	1,	'PHEK',	8,	266,	'2020-04-28 18:02:22',	0),
(450,	13,	249,	1,	'TUENSANG',	2,	267,	'2020-04-28 18:02:22',	0),
(451,	13,	250,	1,	'WOKHA',	5,	264,	'2020-04-28 18:02:22',	0),
(452,	13,	251,	1,	'ZUNHEBOTO',	4,	263,	'2020-04-28 18:02:22',	0),
(453,	21,	344,	1,	'ANUGUL',	15,	384,	'2020-04-28 18:02:22',	0),
(454,	21,	345,	1,	'BALANGIR',	24,	393,	'2020-04-28 18:02:22',	0),
(455,	21,	346,	1,	'BALESHWAR',	8,	377,	'2020-04-28 18:02:22',	0),
(456,	21,	347,	1,	'BARGARH',	1,	370,	'2020-04-28 18:02:22',	0),
(457,	21,	348,	1,	'BHADRAK',	9,	378,	'2020-04-28 18:02:22',	0),
(458,	21,	349,	1,	'BOUDH',	22,	391,	'2020-04-28 18:02:22',	0),
(459,	21,	350,	1,	'CUTTACK',	12,	381,	'2020-04-28 18:02:22',	0),
(460,	21,	351,	1,	'DEOGARH',	4,	373,	'2020-04-28 18:02:22',	0),
(461,	21,	352,	1,	'DHENKANAL',	14,	383,	'2020-04-28 18:02:22',	0),
(462,	21,	353,	1,	'GAJAPATI',	20,	389,	'2020-04-28 18:02:22',	0),
(463,	21,	354,	1,	'GANJAM',	19,	388,	'2020-04-28 18:02:22',	0),
(464,	21,	355,	1,	'JAGATSINGHAPUR',	11,	380,	'2020-04-28 18:02:22',	0),
(465,	21,	356,	1,	'JAJAPUR',	13,	382,	'2020-04-28 18:02:22',	0),
(466,	21,	357,	1,	'JHARSUGUDA',	2,	371,	'2020-04-28 18:02:22',	0),
(467,	21,	358,	1,	'KALAHANDI',	26,	395,	'2020-04-28 18:02:22',	0),
(468,	21,	359,	1,	'KANDHAMAL',	21,	390,	'2020-04-28 18:02:22',	0),
(469,	21,	360,	1,	'KENDRAPARA',	10,	379,	'2020-04-28 18:02:22',	0),
(470,	21,	361,	1,	'KENDUJHAR',	6,	375,	'2020-04-28 18:02:22',	0),
(471,	21,	362,	1,	'KHORDHA',	17,	386,	'2020-04-28 18:02:22',	0),
(472,	21,	363,	1,	'KORAPUT',	29,	398,	'2020-04-28 18:02:22',	0),
(473,	21,	364,	1,	'MALKANGIRI',	30,	399,	'2020-04-28 18:02:22',	0),
(474,	21,	365,	1,	'MAYURBHANJ',	7,	376,	'2020-04-28 18:02:22',	0),
(475,	21,	366,	1,	'NABARANGPUR',	28,	397,	'2020-04-28 18:02:22',	0),
(476,	21,	367,	1,	'NAYAGARH',	16,	385,	'2020-04-28 18:02:22',	0),
(477,	21,	368,	1,	'NUAPADA',	25,	394,	'2020-04-28 18:02:22',	0),
(478,	21,	369,	1,	'PURI',	18,	387,	'2020-04-28 18:02:22',	0),
(479,	21,	370,	1,	'RAYAGADA',	27,	396,	'2020-04-28 18:02:22',	0),
(480,	21,	371,	1,	'SAMBALPUR',	3,	372,	'2020-04-28 18:02:22',	0),
(481,	21,	372,	1,	'SONEPUR',	23,	392,	'2020-04-28 18:02:22',	0),
(482,	21,	373,	1,	'SUNDARGARH',	5,	374,	'2020-04-28 18:02:22',	0),
(483,	34,	598,	1,	'KARAIKAL',	4,	637,	'2020-04-28 18:02:22',	0),
(484,	34,	599,	1,	'MAHE',	3,	636,	'2020-04-28 18:02:22',	0),
(485,	34,	600,	1,	'PONDICHERRY',	2,	635,	'2020-04-28 18:02:22',	0),
(486,	34,	601,	1,	'YANAM',	1,	634,	'2020-04-28 18:02:22',	0),
(487,	3,	27,	1,	'AMRITSAR',	2,	49,	'2020-04-28 18:02:22',	0),
(488,	3,	605,	1,	'BARNALA',	0,	54,	'2020-04-28 18:02:22',	0),
(489,	3,	28,	1,	'BATHINDA',	14,	46,	'2020-04-28 18:02:22',	0),
(490,	3,	29,	1,	'FARIDKOT',	13,	45,	'2020-04-28 18:02:22',	0),
(491,	3,	30,	1,	'FATEHGARH SAHIB',	8,	40,	'2020-04-28 18:02:22',	0),
(492,	3,	651,	6,	'FAZILKA',	0,	0,	'2020-04-28 18:02:22',	0),
(493,	3,	31,	6,	'FIROZEPUR',	11,	43,	'2020-04-28 18:02:22',	0),
(494,	3,	32,	3,	'GURDASPUR',	1,	35,	'2020-04-28 18:02:22',	0),
(495,	3,	33,	2,	'HOSHIARPUR',	5,	38,	'2020-04-28 18:02:22',	0),
(496,	3,	34,	1,	'JALANDHAR',	4,	37,	'2020-04-28 18:02:22',	0),
(497,	3,	35,	1,	'KAPURTHALA',	3,	36,	'2020-04-28 18:02:22',	0),
(498,	3,	36,	3,	'LUDHIANA',	9,	41,	'2020-04-28 18:02:22',	0),
(499,	3,	37,	2,	'MANSA',	15,	47,	'2020-04-28 18:02:22',	0),
(500,	3,	38,	1,	'MOGA',	10,	42,	'2020-04-28 18:02:22',	0),
(501,	3,	662,	1,	'PATHANKOT',	0,	0,	'2020-04-28 18:02:22',	0),
(502,	3,	41,	7,	'PATIALA',	17,	48,	'2020-04-28 18:02:22',	0),
(503,	3,	42,	1,	'RUPNAGAR',	7,	51,	'2020-04-28 18:02:22',	0),
(504,	3,	43,	1,	'SANGRUR',	16,	53,	'2020-04-28 18:02:22',	0),
(505,	3,	608,	7,	'S.A.S Nagar',	0,	52,	'2020-04-28 18:02:22',	0),
(506,	3,	40,	2,	'Shahid Bhagat Singh Nagar',	6,	39,	'2020-04-28 18:02:22',	0),
(507,	3,	39,	2,	'SRI MUKTSAR SAHIB',	12,	44,	'2020-04-28 18:02:22',	0),
(508,	3,	609,	2,	'Tarn Taran',	0,	50,	'2020-04-28 18:02:22',	0),
(509,	8,	86,	1,	'AJMER',	21,	119,	'2020-04-28 18:02:22',	0),
(510,	8,	87,	1,	'ALWAR',	6,	104,	'2020-04-28 18:02:22',	0),
(511,	8,	88,	1,	'BANSWARA',	28,	125,	'2020-04-28 18:02:22',	0),
(512,	8,	89,	1,	'BARAN',	31,	128,	'2020-04-28 18:02:22',	0),
(513,	8,	90,	1,	'BARMER',	17,	115,	'2020-04-28 18:02:22',	0),
(514,	8,	91,	1,	'BHARATPUR',	7,	105,	'2020-04-28 18:02:22',	0),
(515,	8,	92,	1,	'BHILWARA',	24,	122,	'2020-04-28 18:02:22',	0),
(516,	8,	93,	1,	'BIKANER',	3,	101,	'2020-04-28 18:02:22',	0),
(517,	8,	94,	1,	'BUNDI',	23,	121,	'2020-04-28 18:02:22',	0),
(518,	8,	95,	1,	'CHITTORGARH',	29,	126,	'2020-04-28 18:02:22',	0),
(519,	8,	96,	1,	'CHURU',	4,	102,	'2020-04-28 18:02:22',	0),
(520,	8,	97,	1,	'DAUSA',	11,	109,	'2020-04-28 18:02:22',	0),
(521,	8,	98,	1,	'DHOLPUR',	8,	106,	'2020-04-28 18:02:22',	0),
(522,	8,	99,	1,	'DUNGARPUR',	27,	124,	'2020-04-28 18:02:22',	0),
(523,	8,	100,	1,	'GANGANAGAR',	1,	99,	'2020-04-28 18:02:22',	0),
(524,	8,	101,	1,	'HANUMANGARH',	2,	100,	'2020-04-28 18:02:22',	0),
(525,	8,	102,	2,	'JAIPUR',	12,	110,	'2020-04-28 18:02:22',	0),
(526,	8,	103,	1,	'JAISALMER',	16,	114,	'2020-04-28 18:02:22',	0),
(527,	8,	104,	1,	'JALORE',	18,	116,	'2020-04-28 18:02:22',	0),
(528,	8,	105,	1,	'JHALAWAR',	32,	129,	'2020-04-28 18:02:22',	0),
(529,	8,	106,	1,	'JHUNJHUNU',	5,	103,	'2020-04-28 18:02:22',	0),
(530,	8,	107,	1,	'JODHPUR',	15,	113,	'2020-04-28 18:02:22',	0),
(531,	8,	108,	1,	'KARAULI',	9,	107,	'2020-04-28 18:02:22',	0),
(532,	8,	109,	1,	'KOTA',	30,	127,	'2020-04-28 18:02:22',	0),
(533,	8,	110,	2,	'NAGAUR',	14,	112,	'2020-04-28 18:02:22',	0),
(534,	8,	111,	1,	'PALI',	20,	118,	'2020-04-28 18:02:22',	0),
(535,	8,	629,	1,	'PRATAPGARH',	0,	131,	'2020-04-28 18:02:22',	0),
(536,	8,	112,	3,	'RAJSAMAND',	25,	123,	'2020-04-28 18:02:22',	0),
(537,	8,	113,	1,	'SAWAI MADHOPUR',	10,	108,	'2020-04-28 18:02:22',	0),
(538,	8,	114,	1,	'SIKAR',	13,	111,	'2020-04-28 18:02:22',	0),
(539,	8,	115,	1,	'SIROHI',	19,	117,	'2020-04-28 18:02:22',	0),
(540,	8,	116,	1,	'TONK',	22,	120,	'2020-04-28 18:02:22',	0),
(541,	8,	117,	3,	'UDAIPUR',	26,	130,	'2020-04-28 18:02:22',	0),
(542,	11,	225,	1,	'EAST DISTRICT',	4,	244,	'2020-04-28 18:02:22',	0),
(543,	11,	226,	1,	'NORTH DISTRICT',	1,	241,	'2020-04-28 18:02:22',	0),
(544,	11,	227,	1,	'SOUTH DISTRICT',	3,	243,	'2020-04-28 18:02:22',	0),
(545,	11,	228,	1,	'WEST DISTRICT',	2,	242,	'2020-04-28 18:02:22',	0),
(546,	33,	610,	1,	'Ariyalur',	17,	616,	'2020-04-28 18:02:22',	0),
(547,	33,	730,	1,	'CHENGALPATTU',	0,	0,	'2020-04-28 18:02:22',	0),
(548,	33,	568,	1,	'CHENNAI',	2,	603,	'2020-04-28 18:02:22',	0),
(549,	33,	569,	1,	'COIMBATORE',	12,	632,	'2020-04-28 18:02:22',	0),
(550,	33,	570,	1,	'CUDDALORE',	18,	617,	'2020-04-28 18:02:22',	0),
(551,	33,	571,	1,	'DHARMAPURI',	5,	630,	'2020-04-28 18:02:22',	0),
(552,	33,	572,	1,	'DINDIGUL',	13,	612,	'2020-04-28 18:02:22',	0),
(553,	33,	573,	1,	'ERODE',	10,	610,	'2020-04-28 18:02:22',	0),
(554,	33,	729,	1,	'KALLAKURICHI',	0,	0,	'2020-04-28 18:02:22',	0),
(555,	33,	574,	2,	'KANCHIPURAM',	3,	604,	'2020-04-28 18:02:22',	0),
(556,	33,	575,	1,	'KANNIYAKUMARI',	30,	629,	'2020-04-28 18:02:22',	0),
(557,	33,	576,	1,	'KARUR',	14,	613,	'2020-04-28 18:02:22',	0),
(558,	33,	577,	1,	'KRISHNAGIRI',	5,	631,	'2020-04-28 18:02:22',	0),
(559,	33,	578,	1,	'MADURAI',	24,	623,	'2020-04-28 18:02:22',	0),
(560,	33,	579,	1,	'NAGAPATTINAM',	19,	618,	'2020-04-28 18:02:22',	0),
(561,	33,	580,	1,	'NAMAKKAL',	9,	609,	'2020-04-28 18:02:22',	0),
(562,	33,	581,	1,	'PERAMBALUR',	16,	615,	'2020-04-28 18:02:22',	0),
(563,	33,	582,	1,	'PUDUKKOTTAI',	22,	621,	'2020-04-28 18:02:22',	0),
(564,	33,	583,	1,	'RAMANATHAPURAM',	27,	626,	'2020-04-28 18:02:22',	0),
(565,	33,	731,	1,	'Ranipet',	0,	0,	'2020-04-28 18:02:22',	0),
(566,	33,	584,	1,	'SALEM',	8,	608,	'2020-04-28 18:02:22',	0),
(567,	33,	585,	1,	'SIVAGANGA',	23,	622,	'2020-04-28 18:02:22',	0),
(568,	33,	733,	1,	'TENKASI',	0,	0,	'2020-04-28 18:02:22',	0),
(569,	33,	586,	1,	'THANJAVUR',	21,	620,	'2020-04-28 18:02:22',	0),
(570,	33,	588,	1,	'THENI',	25,	624,	'2020-04-28 18:02:22',	0),
(571,	33,	587,	1,	'THE NILGIRIS',	11,	611,	'2020-04-28 18:02:22',	0),
(572,	33,	589,	1,	'THIRUVALLUR',	1,	602,	'2020-04-28 18:02:22',	0),
(573,	33,	590,	1,	'THIRUVARUR',	20,	619,	'2020-04-28 18:02:22',	0),
(574,	33,	591,	1,	'TIRUCHIRAPPALLI',	15,	614,	'2020-04-28 18:02:22',	0),
(575,	33,	592,	2,	'TIRUNELVELI',	29,	628,	'2020-04-28 18:02:22',	0),
(576,	33,	732,	1,	'Tirupathur',	0,	0,	'2020-04-28 18:02:22',	0),
(577,	33,	634,	1,	'TIRUPPUR',	0,	633,	'2020-04-28 18:02:22',	0),
(578,	33,	593,	1,	'TIRUVANNAMALAI',	6,	606,	'2020-04-28 18:02:22',	0),
(579,	33,	594,	1,	'TUTICORIN',	28,	627,	'2020-04-28 18:02:22',	0),
(580,	33,	595,	3,	'VELLORE',	4,	605,	'2020-04-28 18:02:22',	0),
(581,	33,	596,	2,	'VILLUPURAM',	7,	607,	'2020-04-28 18:02:22',	0),
(582,	33,	597,	1,	'VIRUDHUNAGAR',	26,	625,	'2020-04-28 18:02:22',	0),
(583,	36,	501,	5,	'ADILABAD',	1,	532,	'2020-04-28 18:02:22',	0),
(584,	36,	690,	2,	'BHADRADRI KOTHAGUDEM',	0,	0,	'2020-04-28 18:02:22',	0),
(585,	36,	507,	2,	'HYDERABAD',	5,	536,	'2020-04-28 18:02:22',	0),
(586,	36,	681,	1,	'Jagitial',	0,	0,	'2020-04-28 18:02:22',	0),
(587,	36,	689,	1,	'JANGOAN',	0,	0,	'2020-04-28 18:02:22',	0),
(588,	36,	687,	3,	'JAYASHANKAR BHUPALAPALLY',	0,	0,	'2020-04-28 18:02:22',	0),
(589,	36,	695,	2,	'JOGULAMBA GADWAL',	0,	0,	'2020-04-28 18:02:22',	0),
(590,	36,	685,	1,	'KAMAREDDY',	0,	0,	'2020-04-28 18:02:22',	0),
(591,	36,	508,	9,	'KARIMNAGAR',	3,	534,	'2020-04-28 18:02:22',	0),
(592,	36,	509,	5,	'KHAMMAM',	10,	541,	'2020-04-28 18:02:22',	0),
(593,	36,	699,	2,	'KUMURAM BHEEM ASIFABAD',	0,	0,	'2020-04-28 18:02:22',	0),
(594,	36,	688,	1,	'MAHABUBABAD',	0,	0,	'2020-04-28 18:02:22',	0),
(595,	36,	512,	8,	'MAHABUBNAGAR',	7,	538,	'2020-04-28 18:02:22',	0),
(596,	36,	684,	1,	'MANCHERIAL',	0,	0,	'2020-04-28 18:02:22',	0),
(597,	36,	513,	4,	'MEDAK',	4,	535,	'2020-04-28 18:02:22',	0),
(598,	36,	700,	2,	'MEDCHAL MALKAJGIRI',	0,	0,	'2020-04-28 18:02:22',	0),
(599,	36,	720,	1,	'Mulugu',	0,	0,	'2020-04-28 18:02:22',	0),
(600,	36,	694,	1,	'NAGARKURNOOL',	0,	0,	'2020-04-28 18:02:22',	0),
(601,	36,	514,	5,	'NALGONDA',	8,	539,	'2020-04-28 18:02:22',	0),
(602,	36,	721,	1,	'Narayanpet',	0,	0,	'2020-04-28 18:02:22',	0),
(603,	36,	680,	1,	'Nirmal',	0,	0,	'2020-04-28 18:02:22',	0),
(604,	36,	516,	3,	'NIZAMABAD',	2,	533,	'2020-04-28 18:02:22',	0),
(605,	36,	682,	1,	'PEDDAPALLI',	0,	0,	'2020-04-28 18:02:22',	0),
(606,	36,	683,	3,	'RAJANNA SIRCILLA',	0,	0,	'2020-04-28 18:02:22',	0),
(607,	36,	518,	5,	'RANGA REDDY',	6,	537,	'2020-04-28 18:02:22',	0),
(608,	36,	691,	1,	'SANGAREDDY',	0,	0,	'2020-04-28 18:02:22',	0),
(609,	36,	692,	3,	'SIDDIPET',	0,	0,	'2020-04-28 18:02:22',	0),
(610,	36,	696,	1,	'SURYAPET',	0,	0,	'2020-04-28 18:02:22',	0),
(611,	36,	698,	1,	'VIKARABAD',	0,	0,	'2020-04-28 18:02:22',	0),
(612,	36,	693,	1,	'WANAPARTHY',	0,	0,	'2020-04-28 18:02:22',	0),
(613,	36,	522,	8,	'WARANGAL RURAL',	9,	540,	'2020-04-28 18:02:22',	0),
(614,	36,	686,	1,	'WARANGAL URBAN',	0,	0,	'2020-04-28 18:02:22',	0),
(615,	36,	697,	2,	'YADADRI BHUVANAGIRI',	0,	0,	'2020-04-28 18:02:22',	0),
(616,	16,	269,	1,	'Dhalai',	3,	291,	'2020-04-28 18:02:22',	0),
(617,	16,	654,	1,	'Gomati',	0,	0,	'2020-04-28 18:02:22',	0),
(618,	16,	652,	1,	'Khowai',	0,	0,	'2020-04-28 18:02:22',	0),
(619,	16,	270,	1,	'North Tripura',	4,	292,	'2020-04-28 18:02:22',	0),
(620,	16,	653,	1,	'Sepahijala',	0,	0,	'2020-04-28 18:02:22',	0),
(621,	16,	271,	1,	'South Tripura',	2,	290,	'2020-04-28 18:02:22',	0),
(622,	16,	655,	1,	'Unakoti',	0,	0,	'2020-04-28 18:02:22',	0),
(623,	16,	272,	1,	'West Tripura',	1,	289,	'2020-04-28 18:02:22',	0),
(624,	5,	45,	1,	'ALMORA',	9,	64,	'2020-04-28 18:02:22',	0),
(625,	5,	46,	1,	'BAGESHWAR',	8,	63,	'2020-04-28 18:02:22',	0),
(626,	5,	47,	2,	'CHAMOLI',	2,	57,	'2020-04-28 18:02:22',	0),
(627,	5,	48,	3,	'CHAMPAWAT',	10,	65,	'2020-04-28 18:02:22',	0),
(628,	5,	49,	1,	'DEHRADUN',	5,	60,	'2020-04-28 18:02:22',	0),
(629,	5,	50,	1,	'HARIDWAR',	13,	68,	'2020-04-28 18:02:22',	0),
(630,	5,	51,	1,	'NAINITAL',	11,	66,	'2020-04-28 18:02:22',	0),
(631,	5,	52,	1,	'PAURI GARHWAL',	6,	61,	'2020-04-28 18:02:22',	0),
(632,	5,	53,	3,	'PITHORAGARH',	7,	62,	'2020-04-28 18:02:22',	0),
(633,	5,	54,	2,	'RUDRA PRAYAG',	3,	58,	'2020-04-28 18:02:22',	0),
(634,	5,	55,	3,	'TEHRI GARHWAL',	4,	59,	'2020-04-28 18:02:22',	0),
(635,	5,	56,	2,	'UDAM SINGH NAGAR',	12,	67,	'2020-04-28 18:02:22',	0),
(636,	5,	57,	2,	'UTTAR KASHI',	1,	56,	'2020-04-28 18:02:22',	0),
(637,	9,	118,	1,	'AGRA',	15,	146,	'2020-04-28 18:02:22',	0),
(638,	9,	119,	1,	'ALIGARH',	12,	143,	'2020-04-28 18:02:22',	0),
(639,	9,	121,	1,	'AMBEDKAR NAGAR',	48,	178,	'2020-04-28 18:02:22',	0),
(640,	9,	640,	2,	'Amethi',	0,	0,	'2020-04-28 18:02:22',	0),
(641,	9,	154,	2,	'AMROHA',	6,	137,	'2020-04-28 18:02:22',	0),
(642,	9,	122,	1,	'AURAIYA',	32,	162,	'2020-04-28 18:02:22',	0),
(643,	9,	140,	2,	'AYODHYA',	47,	177,	'2020-04-28 18:02:22',	0),
(644,	9,	123,	1,	'AZAMGARH',	61,	191,	'2020-04-28 18:02:22',	0),
(645,	9,	124,	1,	'BAGHPAT',	8,	139,	'2020-04-28 18:02:22',	0),
(646,	9,	125,	1,	'BAHRAICH',	50,	180,	'2020-04-28 18:02:22',	0),
(647,	9,	126,	1,	'BALLIA',	63,	193,	'2020-04-28 18:02:22',	0),
(648,	9,	127,	1,	'BALRAMPUR',	52,	182,	'2020-04-28 18:02:22',	0),
(649,	9,	128,	1,	'BANDA',	40,	170,	'2020-04-28 18:02:22',	0),
(650,	9,	129,	1,	'BARABANKI',	46,	176,	'2020-04-28 18:02:22',	0),
(651,	9,	130,	1,	'BAREILLY',	20,	150,	'2020-04-28 18:02:22',	0),
(652,	9,	131,	1,	'BASTI',	55,	185,	'2020-04-28 18:02:22',	0),
(653,	9,	179,	2,	'BHADOHI',	68,	198,	'2020-04-28 18:02:22',	0),
(654,	9,	132,	1,	'BIJNOR',	3,	134,	'2020-04-28 18:02:22',	0),
(655,	9,	133,	2,	'BUDAUN',	19,	149,	'2020-04-28 18:02:22',	0),
(656,	9,	134,	1,	'BULANDSHAHR',	11,	142,	'2020-04-28 18:02:22',	0),
(657,	9,	135,	1,	'CHANDAULI',	66,	196,	'2020-04-28 18:02:22',	0),
(658,	9,	136,	1,	'CHITRAKOOT',	41,	171,	'2020-04-28 18:02:22',	0),
(659,	9,	137,	1,	'DEORIA',	60,	190,	'2020-04-28 18:02:22',	0),
(660,	9,	138,	1,	'ETAH',	17,	201,	'2020-04-28 18:02:22',	0),
(661,	9,	139,	1,	'ETAWAH',	31,	161,	'2020-04-28 18:02:22',	0),
(662,	9,	141,	1,	'FARRUKHABAD',	29,	159,	'2020-04-28 18:02:22',	0),
(663,	9,	142,	1,	'FATEHPUR',	42,	172,	'2020-04-28 18:02:22',	0),
(664,	9,	143,	1,	'FIROZABAD',	16,	147,	'2020-04-28 18:02:22',	0),
(665,	9,	144,	1,	'GAUTAM BUDDHA NAGAR',	10,	141,	'2020-04-28 18:02:22',	0),
(666,	9,	145,	2,	'GHAZIABAD',	9,	140,	'2020-04-28 18:02:22',	0),
(667,	9,	146,	1,	'GHAZIPUR',	65,	195,	'2020-04-28 18:02:22',	0),
(668,	9,	147,	1,	'GONDA',	53,	183,	'2020-04-28 18:02:22',	0),
(669,	9,	148,	1,	'GORAKHPUR',	58,	188,	'2020-04-28 18:02:22',	0),
(670,	9,	149,	1,	'HAMIRPUR',	38,	168,	'2020-04-28 18:02:22',	0),
(671,	9,	661,	2,	'HAPUR',	0,	0,	'2020-04-28 18:02:22',	0),
(672,	9,	150,	1,	'HARDOI',	25,	155,	'2020-04-28 18:02:22',	0),
(673,	9,	163,	2,	'HATHRAS',	13,	144,	'2020-04-28 18:02:22',	0),
(674,	9,	151,	1,	'JALAUN',	35,	165,	'2020-04-28 18:02:22',	0),
(675,	9,	152,	1,	'JAUNPUR',	64,	194,	'2020-04-28 18:02:22',	0),
(676,	9,	153,	1,	'JHANSI',	36,	166,	'2020-04-28 18:02:22',	0),
(677,	9,	155,	1,	'KANNAUJ',	30,	160,	'2020-04-28 18:02:22',	0),
(678,	9,	156,	1,	'KANPUR DEHAT',	33,	163,	'2020-04-28 18:02:22',	0),
(679,	9,	157,	1,	'KANPUR NAGAR',	34,	164,	'2020-04-28 18:02:22',	0),
(680,	9,	633,	2,	'Kasganj',	0,	202,	'2020-04-28 18:02:22',	0),
(681,	9,	158,	1,	'KAUSHAMBI',	44,	174,	'2020-04-28 18:02:22',	0),
(682,	9,	159,	1,	'KHERI',	23,	153,	'2020-04-28 18:02:22',	0),
(683,	9,	160,	1,	'KUSHI NAGAR',	59,	189,	'2020-04-28 18:02:22',	0),
(684,	9,	161,	1,	'LALITPUR',	37,	167,	'2020-04-28 18:02:22',	0),
(685,	9,	162,	1,	'LUCKNOW',	27,	157,	'2020-04-28 18:02:22',	0),
(686,	9,	164,	1,	'MAHARAJGANJ',	57,	187,	'2020-04-28 18:02:22',	0),
(687,	9,	165,	1,	'MAHOBA',	39,	169,	'2020-04-28 18:02:22',	0),
(688,	9,	166,	1,	'MAINPURI',	18,	148,	'2020-04-28 18:02:22',	0),
(689,	9,	167,	1,	'MATHURA',	14,	145,	'2020-04-28 18:02:22',	0),
(690,	9,	168,	1,	'MAU',	62,	192,	'2020-04-28 18:02:22',	0),
(691,	9,	169,	1,	'MEERUT',	7,	138,	'2020-04-28 18:02:22',	0),
(692,	9,	170,	1,	'MIRZAPUR',	69,	199,	'2020-04-28 18:02:22',	0),
(693,	9,	171,	2,	'MORADABAD',	4,	135,	'2020-04-28 18:02:22',	0),
(694,	9,	172,	2,	'MUZAFFARNAGAR',	2,	133,	'2020-04-28 18:02:22',	0),
(695,	9,	173,	1,	'PILIBHIT',	21,	151,	'2020-04-28 18:02:22',	0),
(696,	9,	174,	1,	'PRATAPGARH',	43,	173,	'2020-04-28 18:02:22',	0),
(697,	9,	120,	2,	'PRAYAGRAJ',	45,	175,	'2020-04-28 18:02:22',	0),
(698,	9,	175,	1,	'RAE BARELI',	28,	158,	'2020-04-28 18:02:22',	0),
(699,	9,	176,	1,	'RAMPUR',	5,	136,	'2020-04-28 18:02:22',	0),
(700,	9,	177,	1,	'SAHARANPUR',	1,	132,	'2020-04-28 18:02:22',	0),
(701,	9,	659,	2,	'SAMBHAL',	0,	0,	'2020-04-28 18:02:22',	0),
(702,	9,	178,	1,	'SANT KABEER NAGAR',	56,	186,	'2020-04-28 18:02:22',	0),
(703,	9,	180,	1,	'SHAHJAHANPUR',	22,	152,	'2020-04-28 18:02:22',	0),
(704,	9,	660,	2,	'SHAMLI',	0,	0,	'2020-04-28 18:02:22',	0),
(705,	9,	181,	1,	'SHRAVASTI',	51,	181,	'2020-04-28 18:02:22',	0),
(706,	9,	182,	1,	'SIDDHARTH NAGAR',	54,	184,	'2020-04-28 18:02:22',	0),
(707,	9,	183,	1,	'SITAPUR',	24,	154,	'2020-04-28 18:02:22',	0),
(708,	9,	184,	1,	'SONBHADRA',	70,	200,	'2020-04-28 18:02:22',	0),
(709,	9,	185,	1,	'SULTANPUR',	49,	179,	'2020-04-28 18:02:22',	0),
(710,	9,	186,	1,	'UNNAO',	26,	156,	'2020-04-28 18:02:22',	0),
(711,	9,	187,	1,	'VARANASI',	67,	197,	'2020-04-28 18:02:22',	0),
(712,	19,	303,	1,	'24 PARAGANAS NORTH',	11,	337,	'2020-04-28 18:02:22',	0),
(713,	19,	304,	1,	'24 PARAGANAS SOUTH',	18,	343,	'2020-04-28 18:02:22',	0),
(714,	19,	664,	1,	'Alipurduar',	0,	0,	'2020-04-28 18:02:22',	0),
(715,	19,	305,	1,	'BANKURA',	13,	339,	'2020-04-28 18:02:22',	0),
(716,	19,	307,	1,	'BIRBHUM',	8,	334,	'2020-04-28 18:02:22',	0),
(717,	19,	308,	1,	'COOCHBEHAR',	3,	329,	'2020-04-28 18:02:22',	0),
(718,	19,	309,	2,	'DARJEELING',	1,	327,	'2020-04-28 18:02:22',	0),
(719,	19,	310,	1,	'DINAJPUR DAKSHIN',	5,	331,	'2020-04-28 18:02:22',	0),
(720,	19,	311,	1,	'DINAJPUR UTTAR',	4,	330,	'2020-04-28 18:02:22',	0),
(721,	19,	312,	2,	'HOOGHLY',	12,	338,	'2020-04-28 18:02:22',	0),
(722,	19,	313,	1,	'HOWRAH',	16,	341,	'2020-04-28 18:02:22',	0),
(723,	19,	314,	2,	'JALPAIGURI',	2,	328,	'2020-04-28 18:02:22',	0),
(724,	19,	703,	2,	'Jhargram',	0,	0,	'2020-04-28 18:02:22',	0),
(725,	19,	702,	1,	'KALIMPONG',	0,	0,	'2020-04-28 18:02:22',	0),
(726,	19,	315,	1,	'KOLKATA',	17,	342,	'2020-04-28 18:02:22',	0),
(727,	19,	316,	1,	'MALDAH',	6,	332,	'2020-04-28 18:02:22',	0),
(728,	19,	317,	1,	'MEDINIPUR EAST',	15,	345,	'2020-04-28 18:02:22',	0),
(729,	19,	318,	2,	'MEDINIPUR WEST',	15,	344,	'2020-04-28 18:02:22',	0),
(730,	19,	319,	1,	'MURSHIDABAD',	7,	333,	'2020-04-28 18:02:22',	0),
(731,	19,	320,	2,	'NADIA',	10,	336,	'2020-04-28 18:02:22',	0),
(732,	19,	704,	1,	'PASCHIM BARDHAMAN',	0,	0,	'2020-04-28 18:02:22',	0),
(733,	19,	306,	3,	'PURBA BARDHAMAN',	9,	335,	'2020-04-28 18:02:22',	0),
(734,	19,	321,	1,	'PURULIA',	14,	340,	'2020-04-28 18:02:22',	0);

INSERT INTO `state` (`state_id`, `state_code`, `state_name`, `created_time`, `is_delete`) VALUES
(1,	35,	'ANDAMAN AND NICOBAR ISLANDS',	'2020-04-28 18:02:22',	0),
(2,	28,	'ANDHRA PRADESH',	'2020-04-28 18:02:22',	0),
(3,	12,	'ARUNACHAL PRADESH',	'2020-04-28 18:02:22',	0),
(4,	18,	'ASSAM',	'2020-04-28 18:02:22',	0),
(5,	10,	'BIHAR',	'2020-04-28 18:02:22',	0),
(6,	4,	'CHANDIGARH',	'2020-04-28 18:02:22',	0),
(7,	22,	'CHHATTISGARH',	'2020-04-28 18:02:22',	0),
(8,	26,	'DADRA AND NAGAR HAVELI',	'2020-04-28 18:02:22',	0),
(9,	25,	'DAMAN AND DIU',	'2020-04-28 18:02:22',	0),
(10,	7,	'DELHI',	'2020-04-28 18:02:22',	0),
(11,	30,	'GOA',	'2020-04-28 18:02:22',	0),
(12,	24,	'GUJARAT',	'2020-04-28 18:02:22',	0),
(13,	6,	'HARYANA',	'2020-04-28 18:02:22',	0),
(14,	2,	'HIMACHAL PRADESH',	'2020-04-28 18:02:22',	0),
(15,	1,	'JAMMU AND KASHMIR',	'2020-04-28 18:02:22',	0),
(16,	20,	'JHARKHAND',	'2020-04-28 18:02:22',	0),
(17,	29,	'KARNATAKA',	'2020-04-28 18:02:22',	0),
(18,	32,	'KERALA',	'2020-04-28 18:02:22',	0),
(19,	37,	'LADAKH',	'2020-04-28 18:02:22',	0),
(20,	31,	'LAKSHADWEEP',	'2020-04-28 18:02:22',	0),
(21,	23,	'MADHYA PRADESH',	'2020-04-28 18:02:22',	0),
(22,	27,	'MAHARASHTRA',	'2020-04-28 18:02:22',	0),
(23,	14,	'MANIPUR',	'2020-04-28 18:02:22',	0),
(24,	17,	'MEGHALAYA',	'2020-04-28 18:02:22',	0),
(25,	15,	'MIZORAM',	'2020-04-28 18:02:22',	0),
(26,	13,	'NAGALAND',	'2020-04-28 18:02:22',	0),
(27,	21,	'ODISHA',	'2020-04-28 18:02:22',	0),
(28,	34,	'PUDUCHERRY',	'2020-04-28 18:02:22',	0),
(29,	3,	'PUNJAB',	'2020-04-28 18:02:22',	0),
(30,	8,	'RAJASTHAN',	'2020-04-28 18:02:22',	0),
(31,	11,	'SIKKIM',	'2020-04-28 18:02:22',	0),
(32,	33,	'TAMIL NADU',	'2020-04-28 18:02:22',	0),
(33,	36,	'TELANGANA',	'2020-04-28 18:02:22',	0),
(34,	16,	'TRIPURA',	'2020-04-28 18:02:22',	0),
(35,	5,	'UTTARAKHAND',	'2020-04-28 18:02:22',	0),
(36,	9,	'UTTAR PRADESH',	'2020-04-28 18:02:22',	0),
(37,	19,	'WEST BENGAL',	'2020-04-28 18:02:22',	0);


INSERT INTO `service` (`service_id`, `daman_district`, `daman_department_id`, `diu_district`, `diu_department_id`, `dnh_district`, `dnh_department_id`, `service_name`, `risk_category`, `size_of_firm`, `foreign_domestic_investor`, `business_location`, `service_type`, `timeline`, `competent_authority`, `first_aagr`, `second_aagr`, `apply_url`, `fees_details`, `document_checklist`, `procedure`, `created_by`, `created_time`, `updated_by`, `updated_time`, `is_delete`) VALUES
(1,	1,	4,	2,	50,	3,	51,	'State Excise - Excise Verification Certificate',	'1,2,3',	'1,2,3,4',	'2',	'1',	'6',	'When consignment is received',	'',	'',	'',	'',	'',	'1) Import permit of UT\r\n2) Export permit of exporting state\r\n3) Short Supply Certificate, if necessary.',	'Online application to be made to the Inspector of Excise.',	1,	'2024-07-24 17:40:25',	1,	'2024-09-10 17:42:20',	0),
(2,	1,	4,	2,	50,	3,	51,	'State Excise - Label Registration',	'1,2,3',	'1,2,3,4',	'2',	'',	'6',	'As and when approval is accorded by the Commsissio',	'',	'',	'',	'',	'IMFL, Beer, Foreign Liquor, Wine: Rs. 20,000/-\r\nCountry Liquor and Cashew Fenny: Rs. 10,000/-',	'1) Authorised letter by distillery/brewery/wholesaler for wholesalers.\r\n2) Bonded warehouse license renewal copy in case of foreign liquor brands.\r\n3) Cost card for MRP\r\n4) Distillery/Brewery/wholesaler license renewal copy.\r\n5) Food safety and standard authority certificate for distillery/brewery.\r\n6) GS-1 barcode verification report.\r\n7) Brand/label document.\r\n8) Any other necessary document as and when required.',	'Online application to be made to the Commissioner of Excise.',	1,	'2024-07-24 17:42:25',	1,	'2024-08-22 17:12:28',	0),
(3,	1,	4,	2,	50,	3,	51,	'State Excise - Brand Registration',	'1,2,3',	'1,2,3,4',	'2',	'',	'6',	'As and when approval is accorded by the Commsissio',	'',	'',	'',	'',	'IMFL, Beer, Foreign Liquor, Wine: Rs. 20,000/-\r\nCountry Liquor and Cashew Fenny: Rs. 10,000/-',	'1) Authorised letter by distillery/brewery/wholesaler for wholesalers.\r\n2) Bonded warehouse license renewal copy in case of foreign liquor brands.\r\n3) Cost card for MRP\r\n4) Distillery/Brewery/wholesaler license renewal copy.\r\n5) Food safety and standard authority certificate for distillery/brewery.\r\n6) GS-1 barcode verification report.\r\n7) Brand/label document.\r\n8) Any other necessary document as and when required.',	'Online application to be made to the Commissioner of Excise.',	1,	'2024-07-24 17:44:28',	1,	'2024-08-22 17:14:55',	0),
(4,	1,	4,	2,	50,	3,	51,	'License for local sale, Import and export permit of Spirit and Indian-made foreign liquor (IMFL)',	'1,2,3',	'1,2,3,4',	'2',	'',	'6',	'01 day',	'',	'',	'',	'',	'Excise Duty',	'Local sale permit (Spirit):\r\n1) Excise duty challan.\r\n2) Alcohol performa.\r\n3) Purchase Order.',	'Online application to be made to the Inspector of Excise.',	1,	'2024-07-24 17:47:36',	1,	'2024-08-22 17:15:48',	0),
(5,	1,	4,	2,	50,	3,	51,	'License for local sale, Import and export permit of Spirit and Indian-made foreign liquor (IMFL)',	'1,2,3',	'1,2,3,4',	'2',	'',	'6',	'01 day',	'',	'',	'',	'',	'Excise Duty\r\nBottling Fees',	'Local sale permit(IMFL):\r\n1) Excise duty challan.\r\n2) Bottling fees challan.',	'',	1,	'2024-07-24 17:48:51',	1,	'2024-08-22 17:17:13',	0),
(6,	1,	4,	2,	50,	3,	51,	'License for local sale, Import and export permit of Spirit and Indian-made foreign liquor (IMFL)',	'1,2,3',	'1,2,3,4',	'2',	'',	'6',	'03 days',	'',	'',	'',	'',	'Excise Duty\r\nImport Fees',	'Import permit(IMFL/CL/Beer/FL):\r\n1) Authorised letter from the sender.\r\n2) Excise Duty challan.\r\n3) Import fees challan.',	'',	1,	'2024-07-24 17:49:53',	1,	'2024-08-22 17:17:45',	0),
(7,	1,	4,	2,	50,	3,	51,	'License for local sale, Import and export permit of Spirit and Indian-made foreign liquor (IMFL)',	'1,2,3',	'1,2,3,4',	'2',	'',	'6',	'03 days',	'',	'',	'',	'',	'Import Fees',	'Import permit(Spirit):\r\n1) Authorised letter from the sender.\r\n2) NOC issued by Excise Department.\r\n3) Import fees challan.',	'',	1,	'2024-07-24 17:51:04',	1,	'2024-08-22 17:18:14',	0),
(8,	1,	4,	2,	50,	3,	51,	'License for local sale, Import and export permit of Spirit and Indian-made foreign liquor (IMFL)',	'1,2,3',	'1,2,3,4',	'2',	'',	'6',	'03 days',	'',	'',	'',	'',	'Excise Fees\r\nBottling Fees',	'Export permit (IMFL/CL/Beer/FL):\r\n1) Import permit issued by respective Excise Department.\r\n2) Export fees challan.\r\n3) Bottling fees challan.\r\n4) Confirmation letter from respective Excise Department.\r\n5) Purchase Order.',	'',	1,	'2024-07-24 17:52:00',	1,	'2024-08-22 17:18:38',	0),
(9,	1,	4,	2,	50,	3,	51,	'License for local sale, Import and export permit of Spirit and Indian-made foreign liquor (IMFL)',	'1,2,3',	'1,2,3,4',	'2',	'',	'6',	'03 days',	'',	'',	'',	'',	'Export Fees',	'Export permit (Spirit):\r\n1) Import permit issued by respective Excise Department.\r\n2) Export fees challan.',	'',	1,	'2024-07-24 17:52:51',	1,	'2024-08-22 17:19:22',	0),
(10,	1,	13,	2,	52,	3,	53,	'Provisional Fire-No Objection Certificate',	'1,2,3',	'1,2,3,4',	'1,2',	'',	'2',	'30 Days',	'',	'',	'',	'',	'https://swp.dddgov.in/assets/department/fire/11-procedure-cost.pdf',	'(i) Site plan of land issued by Enquiry Officer, City Survey Department, Daman.\r\n(ii) 1 & XIV Nakal of the land issued by Talathi (Mamlatdar Department)\r\n(iii) Proposed Plan (i.e Layout plan, floor wise plan, section and elevation plan with area statement)\r\n(iv) Project Report of the Industries',	'https://swp.dddgov.in/assets/department/fire/11-procedure-cost.pdf',	1,	'2024-07-24 17:54:55',	1,	'2024-08-27 14:41:59',	0),
(11,	1,	13,	2,	52,	3,	53,	'Final Fire-No Objection Certificate',	'1,2,3',	'1,2,3,4',	'1,2',	'',	'2',	'28 Days',	'',	'',	'',	'',	'https://swp.dddgov.in/assets/department/fire/12-procedure-cost.pdf',	'(i) Approved Plan (i.e Layout plan, floor wise plan, section and elevation plan with area statement) \r\n(ii) Complete Fire Fighting layout plan with legend of Fire Safety Measures of each floors\r\n(iii) Fire Pumps Technical Details issued by Pump Manufacturer.\r\n(iv) Copy of order for construction permission issued by PDA\r\n(v) Photographs of the all fire fighting system and Marginal open spaces/Set Back as a evidence\r\n(vi) Certificate (Annexure-I & Annexure) to be given by the by the fire agency/contractor regarding the compliance of the fire prevention and life safety measures\r\n(vii) Copy of Provisional NOC for construction permission/ letter of fire safety recommendation issued by the fire department.\r\n(viii) Registered Electrical Contractor Certificate.',	'https://swp.dddgov.in/assets/department/fire/12-procedure-cost.pdf',	1,	'2024-07-24 17:56:02',	1,	'2024-08-27 14:42:28',	0),
(12,	1,	13,	2,	52,	3,	53,	'Renewal of Fire-No Objection Certificate',	'1,2,3',	'1,2,3,4',	'1,2',	'',	'6',	'30 Days',	'',	'',	'',	'',	'https://swp.dddgov.in/assets/department/fire/13-procedure-cost.pdf',	'(i) Copy of register of fire extinguisher (Annexure  F) maintained by the owner.\r\n(ii) Photographs of the all fire fighting system and Marginal open spaces/Set Back as a evidence\r\n(iii) Annually certificate (Annexure - I) to be given by the owner or the occupier for maintenance of the fire prevention and life safety measures as per format.\r\n(iv) Annually certificate (Annexure  I & Annexure) to be given by the fire contractor/agency regarding maintenance of fire fighting system as per format.\r\n(v) Copy of Final No objection Certificate/Renewal of Fire NOC issued by the Fire Department.',	'https://swp.dddgov.in/assets/department/fire/13-procedure-cost.pdf',	1,	'2024-07-24 17:57:12',	1,	'2024-08-27 14:43:17',	0),
(13,	1,	45,	2,	58,	3,	59,	'Registration of Factories under The Factories Act, 1948',	'1,2,3',	'1,2,3,4',	'1,2',	'',	'2',	'20 days',	'',	'',	'',	'',	'',	'1. Form II \r\n2.Occupancy Certificate\r\n3. Certificate regarding stability of the structure form a qualified structural engineer.\r\n.4 List of safety equipments / precautionary measures taken on site. ( on companys\r\nletterhead and signed ).\r\n5. Machinery layout drawing architect approved.\r\n6. A copy of the approved plan.\r\n7. Provisions of Health, Safety and Welfare under the Factory Act, 1948.\r\n8. A copy of ON SITE/OFF SITE PLANS if applicable/ signed statement on companys\r\nletterhead that it is not applicable.\r\n9. Approval of the plans from the Chief Controller of Explosives, Nagpur in respect of\r\nthe storage of Petroleum and Hazardous substances, if applicable /signed statement\r\non companys letterhead that it is not applicable.\r\n10. Self Certification by the Management whether the premises is Owned/Leased.\r\n11. Project Report (including flow chart) (Signed).\r\n12.Copy of land document (Form I & XIV)\r\n13. A Copy of SSI Registration/Industrial Licence /In principle clearance in case of\r\nMSI/LSL.\r\n14. Details of ETP, if any, (On company letterhead and signed).\r\n15. A copy of Questionnaire duly filled and signed by the Manager and the Occupier.',	'1. Visit Single Desk Portal & register\r\n2. Fill in the application form II\r\n3. Pay the fees along with security deposit online\r\n4. Approval by the Authority.\r\n5. Download the Certificate.',	1,	'2024-07-24 17:58:41',	1,	'2024-08-27 12:07:52',	0),
(14,	1,	45,	2,	58,	3,	59,	'Approval of plan and permission to construct/extend/or take into use any building as a factory',	'1,2,3',	'1,2,3,4',	'1,2',	'',	'2',	'15 days',	'',	'',	'',	'',	'No Fees',	'1. Two sets of Factory building drawings showing the plans, Elevations Crosssections, the location of site (duly signed by the Occupier and the Architect) and\r\nits surroundings along with Form no. 1.\r\n2. Copy of Provisional registration SSI / in principle clearance letter for MSI / LSI.\r\n(Not applicable for gala construction).\r\n3. Project Report giving the list of machineries, flow process, manufacturing\r\nProcess, raw materials, finished products and bye / intermediate products. (Not\r\nApplicable for gala construction).\r\n4. Quantity and mode of storage of LPG, Petroleum fuels, hazardous substances,\r\nif any / signed statement on companys letter head that it is not applicable (Not\r\nApplicable for gala construction).\r\n5. Position and the drawing of the Effluent Treatment Plant, if any / signed\r\nstatement on companys letter head that it is not applicable (Not applicable for\r\nGala construction).\r\n6. Machinery lay out in the building drawings along with their respective power\r\nRating (Not applicable for gala construction).\r\n7. A copy of Questionnaire.',	'1. Visit Single Desk Portal & register\r\n2. Fill in the application FORM I\r\n3. Approval by the Authority.\r\n4. Download the Certificate.',	1,	'2024-07-24 18:03:56',	1,	'2024-08-27 12:24:24',	0),
(15,	1,	45,	2,	58,	3,	59,	'Registration and Renewal of Boilers under The Boilers Act, 1923',	'1,2,3',	'1,2,3,4',	'1,2',	'',	'2',	'20 days',	'',	'',	'',	'',	'',	'1. Application on Company Letter head\r\n2. Fees as per the schedule\r\n3. Plans of Pipeline\r\n4. Original Document of Boiler',	'1. Visit Single Desk Portal & register\r\n2. Fill in the application FORM I\r\n3. Pay the fees along with security deposit online\r\n4. Approval by the Authority.\r\n5. Download the Certificate.',	1,	'2024-07-24 18:05:05',	1,	'2024-08-27 12:25:09',	0),
(16,	1,	45,	2,	58,	3,	59,	'Registration of Boilers Manufactures under The Boilers Act, 1923',	'1,2,3',	'1,2,3,4',	'1,2',	'',	'2',	'15 days',	'',	'',	'',	'',	'No Fees',	'1. Questionnaire for recognition as manufacturer of Boiler & Boiler components.\r\n(Annexure 1)\r\n2. A copy Occupancy Certificate.\r\n3. A copy of Factory License.\r\n4. Copy of Plan of machinery layout alongwith list of equipment & machinery, tools\r\n& tackles and NDT facilities.\r\n5. Details of qualification & experience of personnel employed (Certificates of\r\nwelders are to be enclosed)\r\n6. Few photographs of shop floor showing equipment, machinery and NDT\r\nfacilities.',	'1. Visit Single Desk Portal & register\r\n2. Fill in the application\r\n3. Approval by the Authority.\r\n4. Download the Certificate.',	1,	'2024-07-24 18:06:06',	1,	'2024-08-27 12:25:31',	0),
(17,	1,	1,	2,	54,	3,	55,	'License/ Renewals for contractors under provision of The Contracts Labour (Regulation and Abolition) Act, 1970',	'1,2,3',	'1,2,3,4',	'1,2',	'',	'2',	'20 days',	'',	'',	'',	'',	'If the number of workmen proposed to be employed on\r\ncontract any day License Fee:\r\nLess than 20 workers: Not Eligible for license\r\nFrom 20 to 50\r\nworkers-Rs.113/-\r\nFrom 51 to 100\r\nworkers  Rs.225/-\r\nFrom 101 to 200\r\nworkers - Rs.450/-\r\nFrom 201 to 400\r\nworkers - Rs.900/-\r\nMore than 400 workers - Rs.1125/-\r\nSecurity Fee for individual  270 per worker',	'1.Form-V issued by Principal Employer\r\n2.Application should be submitted in triplicate in FORM IV\r\n3. Copy of certification of Registration of Principal Employer\r\n(From-II)',	'1. Visit Single Desk Portal & register\r\n2. Fill in the application form IV\r\n3. Pay the fees along with security deposit online\r\n4. Approval by the Authority.\r\n5. Download the Certificate in FORM VI.',	1,	'2024-07-24 18:07:26',	1,	'2024-08-27 15:43:34',	0),
(18,	1,	1,	2,	54,	3,	55,	'Registration under The Shops and Establishment Act (including 365 days license)',	'1,2,3',	'1,2,3,4',	'1,2',	'',	'2',	'15 days',	'',	'',	'',	'',	'1) Shop / Establishment employing no persons  Rs. 20/- \r\n2) Shop / Establishment employing 5 or less than five persons  Rs. 40/- \r\n3) Shop / Establishment employing more than five but less than 10 persons  Rs. 150/- \r\n4) Shop / Establishment employing 10 and above but less than 20 persons  Rs. 300/-',	'a. Application in Form I \r\nb. Lease Agreement / Ownership documents \r\nc. Fees \r\nd. Copy of House Taxes issued by the Panchayat or DMC \r\ne. Photo of Shop \r\nf. Aadhar Card \r\ng. Pan Card \r\nh. GST \r\ni. Certificate from Health Department (for Hotel, Bar, Restaurant, Medical Shop) \r\nUndertaking, Project Report and Memorandum of Article (In case of  manufacturing unit)',	'1. Visit Single Desk Portal & register\r\n2. Fill in the application FORM I\r\n3. Pay the fees along with security deposit online                                                                       \r\n4. Approval by the Authority.\r\n5. Download the Certificate in FORM II',	1,	'2024-07-24 18:08:34',	1,	'2024-08-27 15:43:45',	0),
(19,	1,	1,	2,	54,	3,	55,	'Registration/Renewal of principal employer\'s establishment under provision of The Contracts Labour (Regulation and Abolition) Act, 1970',	'1,2,3',	'1,2,3,4',	'1,2',	'',	'2',	'20 days',	'',	'',	'',	'',	'\"If the number of workmen proposed to be employed on\r\ncontract any day License Fee:\r\nLess than 20 workers: Not Eligible for license\r\nFrom 20 to 50\r\nworkers-Rs.113/-\r\nFrom 51 to 100\r\nworkers  Rs.225/-\r\nFrom 101 to 200\r\nworkers - Rs.450/-\r\nFrom 201 to 400\r\nworkers - Rs.900/-\r\nMore than 400 workers - Rs.1125/-\r\nSecurity Fee for individual  270 per worker \"',	'1.Form-V issued by Principal Employer\r\n2.Application should be submitted in triplicate in FORM IV\r\n3. Copy of certification of Registration of Principal Employer\r\n(From-II)',	'1. Visit Single Desk Portal & register\r\n2. Fill in the application form IV\r\n3. Pay the fees along with security deposit online\r\n4. Approval by the Authority.\r\n5. Download the Certificate in FORM VI.',	1,	'2024-07-24 18:09:42',	1,	'2024-08-27 15:43:53',	0),
(20,	1,	1,	2,	54,	3,	55,	'Registration/Renewal under The Building and Other Construction Workers (Regulation of Employment and Conditions of Service) Act, 1996',	'1,2,3',	'1,2,3,4',	'1,2',	'',	'2',	'20 days',	'',	'',	'',	'',	'If the number of workers proposed to be employed as building workers, for a building or other construction work, on one day-\r\na) Is up to 100         : .   100.00\r\nb) exceeds 100 but does not exceed 500   :.500.00\r\nc) exceeds 500        :  .1000.00',	'A. Application in FORM I \r\nB. Payment of Fee \r\nC. Copy of Work Order',	'1. Visit Single Desk Portal & register\r\n2. Fill in the application Form I\r\n3. Pay the fees online\r\n4. Approval by the Authority.\r\n5. Download the Certificate in FORM II.',	1,	'2024-07-24 18:10:50',	1,	'2024-08-27 15:44:01',	0),
(21,	1,	1,	2,	54,	3,	55,	'Registration/ Renewal of establishment under the Inter State Migrant Workmen (RE&CS) Act, 1979',	'1,2,3',	'1,2,3,4',	'1,2',	'',	'2',	'20 days',	'',	'',	'',	'',	'If the number of migrant workmen proposed to be employed in the establishment on any day-     \r\n(a)  is 5 but does not exceed 20   60/-\r\n(b) exceed 20 but does not exceed 50 150/-\r\n(c) exceed 50 but does not exceed 100 300/-\r\n(d) exceed 100 but does not exceed 200  600/-\r\n(e) exceed 200 but does not exceed 400 1200/-\r\n(f) exceed 400  1500/-',	'1. Application in Form I\r\n2. Fee',	'1. Visit Single Desk Portal & register\r\n2. Fill in the application FORM I\r\n3. Pay the fees along with security deposit online\r\n4. Approval by the Authority.\r\n5. Download the Certificate.',	1,	'2024-07-24 18:11:42',	1,	'2024-08-27 15:44:09',	0),
(22,	1,	49,	2,	56,	3,	57,	'License for Manufacturer of weights & measures',	'1',	'1,2,3,4',	'1,2',	'',	'2',	'30 days',	'',	'',	'',	'',	'Rs. 500/-  per year',	'1. Model approval certificate issued by the Govt. of India\r\n2. Proof of ownership of business premises/ Rent agreement.\r\n3. GST Certificate. \r\n4. Partnership deed (if any)\r\n5. Memorandum & Articles of Association ( If operating a Private / Limited ).\r\n6. List of Raw Material Required.\r\n7. List of Machinery & Tools.\r\n8. List of Weights & Measures used and maintained\r\n9. List of Directors/ Partners of the company as amended time to time (if any)',	'1. Applicant log on to the Online Portal\r\n2. Applicant fills up the form with necessary documents\r\n3. Applicant pays fees\r\n4. Department receives the online application and scrutinizes the documents\r\n5. Are the documents as per checklist ?\r\na. Yes\r\nb. No\r\n6. If NO Query is sought from the applicant\r\n7. If YES System generates date and time of inspection ( computerized allocation )\r\n8. Inspector/ ACLM inspects at the date and time as allocated by computerized system and uploads inspection report in the system within 48 hours.\r\n9. ACLM sends online application and inspection report to the CLM\r\n10. Satisfactory scrutinizing of documents and inspection report by CLM ?\r\na. Yes\r\nb. No\r\n11. If YES License is approved and applicant can download license\r\n12. If NO License is rejected',	1,	'2024-07-24 18:14:12',	1,	'2024-08-22 17:34:20',	0),
(23,	1,	49,	2,	56,	3,	57,	'License for Dealer of weights & measures',	'1',	'1,2,3,4',	'1,2',	'',	'2',	'30 days',	'',	'',	'',	'',	'Rs. 100/- per year',	'1. Model approval certificate issued by the Govt. of India\r\n2. Proof of ownership of business premises/ Rent agreement.\r\n3. GST Certificate. \r\n4. Partnership deed (if any)\r\n5. Memorandum & Articles of Association ( If operating a Private / Limited ).\r\n6. List of Raw Material Required.\r\n7. List of Machinery & Tools.\r\n8. List of Weights & Measures used and maintained\r\n9. List of Directors/ Partners of the company as amended time to time (if any)',	'1. Applicant log on to the Online Portal\r\n2. Applicant fills up the form with necessary documents\r\n3. Applicant pays fees\r\n4. Department receives the online application and scrutinizes the documents\r\n5. Are the documents as per checklist ?\r\na. Yes\r\nb. No\r\n6. If NO Query is sought from the applicant\r\n7. If YES System generates date and time of inspection ( computerized allocation )\r\n8. Inspector/ ACLM inspects at the date and time as allocated by computerized system and uploads inspection report in the system within 48 hours.\r\n9. ACLM sends online application and inspection report to the CLM\r\n10. Satisfactory scrutinizing of documents and inspection report by CLM ?\r\na. Yes\r\nb. No\r\n11. If YES License is approved and applicant can download license\r\n12. If NO License is rejected',	1,	'2024-07-24 18:15:07',	1,	'2024-08-22 17:35:00',	0),
(24,	1,	49,	2,	56,	3,	57,	'License for Repairer of weights & measures',	'1',	'1,2,3,4',	'1,2',	'',	'2',	'30 days',	'',	'',	'',	'',	'Rs. 100/- per year',	'1.Proof of ownership of business premises/ Rent agreement.\r\n2 GST Certificate \r\n3.Education Qualification Certificate of Applicant \r\n4.Experience Certificate \r\n5.Partnership deed ( If operating in partnership ) \r\n6.Memorandum & Articles of Association ( If operating a Private / Limited ) \r\n7.List of Machinery & Tools \r\n8.List Weights & Measures and Test Equipment Tools \r\n9.Verification Certificate of Weights & Measures and Test Equipment Tools \r\n10.List of Directors/ Partners of the company as amended time to time.',	'1. Applicant log on to the Online Portal\r\n2. Applicant fills up the form with necessary documents\r\n3. Applicant pays fees\r\n4. Department receives the online application and scrutinizes the documents\r\n5. Are the documents as per checklist ?\r\na. Yes\r\nb. No\r\n6. If NO Query is sought from the applicant\r\n7. If YES System generates date and time of inspection ( computerized allocation )\r\n8. Inspector/ ACLM inspects at the date and time as allocated by computerized system and uploads inspection report in the system within 48 hours.\r\n9. ACLM sends online application and inspection report to the CLM\r\n10. Satisfactory scrutinizing of documents and inspection report by CLM ?\r\na. Yes\r\nb. No\r\n11. If YES License is approved and applicant can download license\r\n12. If NO License is rejected',	1,	'2024-07-24 18:16:10',	1,	'2024-08-22 17:35:30',	0),
(25,	1,	49,	2,	56,	3,	57,	'Renewal of License for Manufacturer of weights & measures',	'1',	'1,2,3,4',	'1,2',	'',	'6',	'30 days',	'',	'',	'',	'',	'Rs. 500/- per year',	'1. Original License\r\n2. Renewed License.\r\n3. Periodical Return \r\n4. Verification Certificate of Test equipments & Weights & Measures',	'1. Applicant log on to the Online Portal\r\n2. Applicant fills up the form with necessary documents\r\n3. Applicant pays fees\r\n4. Department receives the online application and scrutinizes the documents\r\n5. Are the documents as per checklist ?\r\na. Yes\r\nb. No\r\n6. If NO Query is sought from the applicant\r\n7. If YES System generates date and time of inspection ( computerized allocation )\r\n8. Inspector/ ACLM inspects at the date and time as allocated by computerized system and uploads inspection report in the system within 48 hours.\r\n9. ACLM sends online application and inspection report to the CLM\r\n10. Satisfactory scrutinizing of documents and inspection report by CLM ?\r\na. Yes\r\nb. No\r\n11. If YES License is approved and applicant can download license\r\n12. If NO License is rejected',	1,	'2024-07-24 18:18:42',	1,	'2024-08-22 17:35:58',	0),
(26,	1,	49,	2,	56,	3,	57,	'Renewal of License for Dealer of weights & measures',	'1',	'1,2,3,4',	'1,2',	'',	'6',	'30 days',	'',	'',	'',	'',	'Rs. 100/- per year',	'1. Original License\r\n2. Renewed License.\r\n3. Periodical Return \r\n4. Verification Certificate of Test equipments & Weights & Measures',	'1. Applicant log on to the Online Portal\r\n2. Applicant fills up the form with necessary documents\r\n3. Applicant pays fees\r\n4. Department receives the online application and scrutinizes the documents\r\n5. Are the documents as per checklist ?\r\na. Yes\r\nb. No\r\n6. If NO Query is sought from the applicant\r\n7. If YES System generates date and time of inspection ( computerized allocation )\r\n8. Inspector/ ACLM inspects at the date and time as allocated by computerized system and uploads inspection report in the system within 48 hours.\r\n9. ACLM sends online application and inspection report to the CLM\r\n10. Satisfactory scrutinizing of documents and inspection report by CLM ?\r\na. Yes\r\nb. No\r\n11. If YES License is approved and applicant can download license\r\n12. If NO License is rejected',	1,	'2024-07-24 18:19:32',	1,	'2024-08-22 17:36:31',	0),
(27,	1,	49,	2,	56,	3,	57,	'Renewal of License for Repairer of weights & measures',	'1',	'1,2,3,4',	'1,2',	'',	'6',	'30 days',	'',	'',	'',	'',	'Rs. 100/- per year',	'1. Original License\r\n2. Renewed License.\r\n3. Periodical Return \r\n4. Verification Certificate of Test equipments & Weights & Measures',	'1. Applicant log on to the Online Portal\r\n2. Applicant fills up the form with necessary documents\r\n3. Applicant pays fees\r\n4. Department receives the online application and scrutinizes the documents\r\n5. Are the documents as per checklist ?\r\na. Yes\r\nb. No\r\n6. If NO Query is sought from the applicant\r\n7. If YES System generates date and time of inspection ( computerized allocation )\r\n8. Inspector/ ACLM inspects at the date and time as allocated by computerized system and uploads inspection report in the system within 48 hours.\r\n9. ACLM sends online application and inspection report to the CLM\r\n10. Satisfactory scrutinizing of documents and inspection report by CLM ?\r\na. Yes\r\nb. No\r\n11. If YES License is approved and applicant can download license\r\n12. If NO License is rejected',	1,	'2024-07-24 18:20:35',	1,	'2024-08-22 17:37:01',	0),
(28,	1,	49,	2,	56,	3,	57,	'Certificate of Verification and Stamping of Weights & Measures',	'1',	'1,2,3,4',	'1,2',	'',	'6',	'7 days at LM office & 15 days in owner premises',	'',	'',	'',	'',	'As per Schedule IX',	'1.Bill/Invoice of Weights, Measures (In case of new verification ) \r\n2.Last year Verification Certificate',	'1. Applicant log on to the Online Portal\r\n2. Applicant fills up the form with necessary documents\r\n3. Applicant pays fees\r\n4. Department receives the online application and scrutinizes the documents\r\n5. Are the documents as per checklist ?\r\na. Yes\r\nb. No\r\n6. If NO Query is sought from the applicant\r\n7. If YES Inspector carries out verification\r\n8. Inspector uploads the final approved Verification Certificate\r\n9. Applicant can download the final approved Verification Certificate',	1,	'2024-07-24 18:21:22',	1,	'2024-08-22 17:37:31',	0),
(29,	1,	49,	2,	56,	3,	57,	'Certificate of Registration under PCR 2011 for Manufacturer/Packer of Packaged commodities',	'1',	'1,2,3,4',	'1,2',	'',	'6',	'30 days',	'',	'',	'',	'',	'Rs. 500/-',	'1. Trade Licence \r\n2. Proof of ownership of business premises/ Rent agreement. \r\n3. GST Certificate 4.Partnership deed ( If operating in partnership )\r\n5. Memorandum & Articles of Association ( If operating a Private / Limited )\r\n6. List of items to be packed in different packing size \r\n7. List of Directors/ Partners of the company as amended time to time. \r\n8. Export/Import Code Certificate ( In case of Importer)',	'1. Applicant log on to the Online Portal\r\n2. Applicant fills up the form with necessary documents\r\n3. Applicant pays fees\r\n4. Department receives the online application and scrutinizes the documents\r\n5. Are the documents as per checklist ?\r\na. Yes\r\nb. No\r\n6. If NO Query is sought from the applicant\r\n7. If YES System generates date and time of inspection ( computerized allocation )\r\n8. Inspector/ ACLM inspects at the date and time as allocated by computerized system and uploads inspection report in the system within 48 hours.\r\n9. Satisfactory scrutinizing of documents and inspection report by ACLM ?\r\na. Yes\r\nb. No\r\n10. If YES License is approved and applicant can download license\r\n11. If NO License is rejected',	1,	'2024-07-24 18:22:07',	1,	'2024-08-22 17:38:42',	0),
(30,	1,	7,	2,	60,	3,	8,	'Consent to Establish under the Water (Prevention and Control of Pollution) Act, 1974 and Air (Prevention and Control of Pollution) Act, 1981',	'4,5,6,7',	'1,2,3,4',	'1,2',	'',	'2',	'Red- 60 Days, Orange- 60 Days, Green-  30 Days',	'',	'',	'',	'',	'CONSENT FEE TO BE CHARGED BY THE POLLUTION CONTROL COMMITTEE, DNH & DD FOR GRANT OF CONSENT TO ESTABLISH I OPERATE I RENEWAL FOR ALL INDUSTRIES I HOTELS   UNDER WATER (PREVENTION AND CONTROL OF POLLUTION) ACT, 1974 AND AIR (PREVENTION AND CONTROL OF POLLUTION) ACT,1981 by PCC notification no. PCC/DMN/13 (Part VII)/2020-21/467 Dated 18/12/2021.',	'https://ddnocmms.nic.in/SPCB_DOCUMENTS/CTE%2015072022.pdf',	'https://swp.dddgov.in/assets/department/pcc/Reform_22.pdf',	1,	'2024-07-24 18:24:30',	1,	'2024-08-22 17:40:28',	0),
(31,	1,	7,	2,	60,	3,	8,	'Consent to Operate under the Water (Prevention and Control of Pollution) Act, 1974 and Air (Prevention and Control of Pollution) Act, 1981',	'4,5,6,7',	'1,2,3,4',	'1,2',	'',	'2',	'Red- 75 Days, Orange- 75 Days, Green-  30 Days',	'',	'',	'',	'',	'CONSENT FEE TO BE CHARGED BY THE POLLUTION CONTROL COMMITTEE, DNH & DD FOR GRANT OF CONSENT TO ESTABLISH I OPERATE I RENEWAL FOR ALL INDUSTRIES I HOTELS   UNDER WATER (PREVENTION AND CONTROL OF POLLUTION) ACT, 1974 AND AIR (PREVENTION AND CONTROL OF POLLUTION) ACT,1981 by PCC notification no. PCC/DMN/13 (Part VII)/2020-21/467 Dated 18/12/2021.',	'https://ddnocmms.nic.in/SPCB_DOCUMENTS/CTO%2015072022.pdf',	'https://swp.dddgov.in/assets/department/pcc/consolidated-consent-and-authorization-air-water-hazardous-v2.pdf',	1,	'2024-07-24 18:25:29',	1,	'2024-08-22 17:41:23',	0),
(32,	1,	7,	2,	60,	3,	8,	'Authorization under the Hazardous and Other Wastes (Management and Transboundary Movement) Rules, 2016',	'4,5,6',	'1,2,3,4',	'1,2',	'',	'2',	'120 Days',	'',	'',	'',	'',	'CONSENT FEE TO BE CHARGED BY THE POLLUTION CONTROL COMMITTEE, DNH & DD FOR GRANT OF CONSENT TO ESTABLISH I OPERATE I RENEWAL FOR ALL INDUSTRIES I HOTELS   UNDER WATER (PREVENTION AND CONTROL OF POLLUTION) ACT, 1974 AND AIR (PREVENTION AND CONTROL OF POLLUTION) ACT,1981 by PCC notification no. PCC/DMN/13 (Part VII)/2020-21/467 Dated 18/12/2021.',	'1. Form XIII under the Water \r\n(Prevention and Control of Pollution) \r\nAct 1974.\r\n2. Form I under the Air (Prevention and \r\nControl of Pollution) Act 1981.\r\n3. Comprehensive project report.\r\n4. Manufacturing process along with\r\nflow diagram and list of machineries.\r\n5. Self-certified declaration letter\r\nshowing capital investment.\r\n6. Details of effluent treatment plant\r\nwith flow diagram.\r\n7. Details of hazardous waste\r\ngeneration, Storage and mode of\r\ndisposal.\r\n8. Fulfilment of conditions stipulated in \r\nthe consent issued for establishment \r\nand conditions stipulated by other \r\nstatutory agencies / bodies.\r\n9. Details of Air Pollution Control \r\nDevices(APCD) installed.',	'1. Login to the portal \r\n(ddnocmms.nic.in) with User \r\ncredentials. \r\n2. Fill all the information. \r\n3. Submit fees with \r\nacknowledgement receipt. \r\n4. Approval by authority. \r\n5. Download certificate from \r\nddnocmms.nic.in.',	1,	'2024-07-24 18:26:54',	1,	'2024-08-22 17:42:29',	0),
(33,	1,	7,	2,	60,	3,	8,	'Registration/ Renewal under The E-waste (Management and Handling) Rules, 2011 (under Chapter III) (effective from May 2012)',	'4',	'1,2,3,4',	'1,2',	'',	'2,6,7',	'120 Days',	'',	'',	'',	'',	'',	'https://cpcb.nic.in/openpdffile.php?id=UmVwb3J0RmlsZXMvNjE5XzE1MTg3ODE3NTJfbWVkaWFwaG90bzIxMDE0LnBkZg==',	'',	1,	'2024-07-24 18:28:14',	1,	'2024-08-22 17:43:31',	0),
(34,	1,	7,	2,	60,	3,	8,	'Registration/ Renewal under Plastic Waste Management Rules, 2016 for manufacturer',	'4,5,6,7',	'1,2,3,4',	'1,2',	'',	'6',	'15 Days',	'',	'',	'',	'',	'https://eprplastic.cpcb.gov.in/plastic/downloads/Guidance%20Document.pdf',	'PIBO\r\n1. Proof of Selling in more than two state (GST/tax invoice\r\netc)\r\n2. DIC Certification , if the unit has a production facility\r\n3. Valid Consents under Air& Water Act, if the unit has a\r\nproduction facility.\r\n4. Documents related to Action plan for fulfilling EPR\r\nliability.(state/UT wise)\r\n Document issued by ULB / designated state authority\r\nrelated to\r\n engagement of PIBO/WMA (as applicable)\r\n Registration issued by SPCBs/PCCs to PWPF to be\r\nengaged with for PW\r\n processing\r\n Agreement of PIBO/WMA with PWPF for PW\r\nprocessing (as applicable)\r\n Agreement of PIBO with WMA (as applicable)\r\nPWP\r\n1. PAN, GST, GIN of the Company\r\n2. Aadhar/ PAN of Authorized person\r\n3. Process flow diagram\r\n4. Consents under Air/ Water Act & Authorization under\r\nHWM Rules issued by SPCB/ PCC\r\n5. Geo-tagged pictures of raw material storage area,\r\nproduction area and product dispatch area\r\n6. Geo-tagged pictures of plant machinery\r\n7. Copy of Electricity Bill\r\n8. Copy of Analysis report of characterization of waste\r\ngenerated\r\n9. Copy of documents giving Occupational safety and\r\nhealth aspects\r\n10. Copy of document giving details of pollution control\r\nmeasures\r\n11. Copy of onsite /offsite Disaster management plant\r\n12. .Covering letter\r\n13. Document regarding any other information which the unit\r\nwishes to provide',	'https://eprplastic.cpcb.gov.in/plastic/downloads/Guidance%20Document.pdf\r\n\r\nSTEP 1: Sign up for new registration for PIBOs\r\nStep 2: Login the Portal\r\nStep 3: Filling up of Part A, B & C of the Application\r\nStep 4: Making payment for application fees\r\nStep 5: Application status updates',	1,	'2024-07-24 18:30:30',	1,	'2024-08-22 17:44:48',	0),
(35,	1,	7,	2,	60,	3,	8,	'Authorization under Bio-Medical Waste Management (Management and Handling) Rules, 2016',	'4,5,6,7',	'1,2,3,4',	'1,2',	'',	'2,6,7',	'90 Days',	'',	'',	'',	'',	'CONSENT FEE TO BE CHARGED BY THE POLLUTION CONTROL COMMITTEE, DNH & DD FOR GRANT OF CONSENT TO ESTABLISH I OPERATE I RENEWAL FOR ALL INDUSTRIES I HOTELS   UNDER WATER (PREVENTION AND CONTROL OF POLLUTION) ACT, 1974 AND AIR (PREVENTION AND CONTROL OF POLLUTION) ACT,1981 by PCC notification no. PCC/DMN/13 (Part VII)/2020-21/467 Dated 18/12/2021.',	'https://ddnocmms.nic.in/SPCB_DOCUMENTS/Checklist%20for%20Bio-Medical%20Waste.pdf',	'Form-II : Application for Authorization or Renewal of\r\nAuthorization\r\n Valid membership of CBWTF for treatment of Bio Medical Waste.\r\n Paid for authorization fees as per PCC notification dated\r\n18/12/2021\r\n Bio medical waste categorization as per the schedule  I of the Bio\r\nMedical Waste Management Rules, 2016 along with per day\r\ngeneration as prescribed in Form  II.\r\n Previously issued Bio medical Waste Authorization by Pollution\r\nControl Committee, DNH & DD. (renewal, if applicable)\r\n Form-IV [To be submitted to the prescribed authority on or before\r\n30th June every year for the period from January to December of the\r\npreceding year, by the occupier of health care facility (HCF) or\r\nCommon Bio-Medical Waste Treatment Facility (CBWTF)]\r\n(renewal, if applicable)',	1,	'2024-07-24 18:31:25',	1,	'2024-08-27 15:46:09',	0),
(36,	1,	7,	2,	60,	3,	8,	'Authorization under Solid Waste Management (processing, recycling, treatment and disposal of solid waste) Rules, 2016',	'4',	'1,2,3,4',	'1,2',	'',	'2,6,7',	'60 Days',	'',	'',	'',	'',	'',	'Required Documents for obtaining authorisation under solid waste management rules for processing/recycling/treatment and disposal of solid waste.\r\n1) Site Clearance (Local Body)\r\n2) Environmental Clearance\r\n3) Consent to Establishment\r\n4) Existing ground water quality repost as per IS 10500:2012.\r\n5) Agreement between municipal authority and operating agency, if any\r\n6) Investment of the Project\r\n7) Detailed Project Report\r\n8) Details of Plant and Machineries with capacity\r\n9) Collection and disposal details of leachate\r\n10) MoU with waste processing facilities, if any\r\n11) Bye-laws under SWM Rules, 2016.',	'',	1,	'2024-07-24 18:32:31',	1,	'2024-08-22 17:47:03',	0),
(37,	1,	7,	2,	60,	3,	8,	'Authorization under Construction and Demolition Waste Management (Management and Handling) Rules, 2016',	'5,6',	'1,2,3,4',	'1,2',	'',	'2,6,7',	'60 Days',	'',	'',	'',	'',	'',	'Required Documents for obtaining authorisation under Construction and Demolition Waste Management Rules, 2016 for processing/recycling/treatment and disposal of C&D Waste.\r\n1) Site Clearance (Local Body)\r\n2) Consent to Establishment\r\n3) Form  I as prescribed in C&DWM Rule, 2016\r\n4) Payment of application fees as per Project Report\r\n5) Agreement between municipal authority and operating agency, if any\r\n6) Investment of the Project\r\n7) Detailed Project Report\r\n8) Details of Plant and Machineries with capacity\r\n9) Collection and disposal system\r\n10) MoU with waste processing facilities, if any.',	'',	1,	'2024-07-24 18:33:28',	1,	'2024-08-22 17:47:27',	0),
(38,	1,	3,	2,	9,	3,	10,	'Ensure that information is available on website on all necessary components.',	'1,2,3',	'1,2,3,4',	'1,2',	'',	'2',	'15 Days',	'',	'',	'',	'',	'https://swp.dddgov.in/assets/department/subregistrar/39-cost.pdf',	'Application on company\'s letter head with rubber stamp.\r\n2) Prescribed form to filled (FORM NO. II).\r\n3) Copy of Self Attested Partnership Deed which shall be registered by Sub Registrar Office\r\n/ Public Notary Subject to verification of original Documents / Partnership Deed.\r\n4) Aadhar Card of Parties.\r\n5) Pan Card of Firms/ Pan of Partners\r\n6) Admission / Retirement Form',	'\"Step 1 : Applicants / Parties has to apply for registration to Sub Registrar office in Form No. II as\r\nprescribed under Section 58 and Rule 7 (2) of The Indian Partnership Act, 1932 along\r\nwith Partnership Deed.\r\n Step 2 : Sub-Registrar examines the application.\r\nStep 3 : Upon satisfaction of Registrar that the provisions of Section 58 have been duly complied,\r\nshall record an entry of the statement in a register.\r\nStep 4 : Payment of fees of an amount of Rs. 100/- by the applicants / parties.\r\nStep 5 : Issue of Partnership Firm Registration certificate.\"',	1,	'2024-08-22 17:50:17',	1,	'2024-08-27 14:43:46',	0),
(39,	1,	64,	2,	65,	3,	66,	'Ensure that information is available on website on all necessary components for availing a service.',	'1,2,3',	'1,2,3,4',	'1,2',	'',	'2',	'30 Days',	'',	'',	'',	'',	'',	'\"1. Application & Form A\r\n2. Resolution of Society\r\n3. Declaration about nationality and non-possession of accommodation\r\n4. Copy of bye-laws duty signed by promotors of different family\r\nmembers\r\n5. Attested true copy of Deed and release deed\r\n6. List of Promotors indicating the amount of contributed towards share\r\ncapital\r\n7. List of Promotors\r\n8. Copy of title clearance report\r\n9. Architecture / Engineers Certificate about estimated cost\r\n10. Copy of Site plan of Plot\r\n11. Copy of I & XIV of plot\r\n12. Certified copies of Identity Cards of society members\r\n13. Estimated income and expenditure statement\"',	'\"1. Visit single Desk Portal & Register\r\n2. Fill in application Form A\r\n3. Upload Bank passbook first page\r\n4. Approval by the Authority\r\n5. Download the Registration Certificate\"',	1,	'2024-08-22 17:54:08',	0,	'0000-00-00 00:00:00',	0),
(40,	1,	29,	2,	0,	3,	0,	'Ensure that information is available on website on all necessary components for availing a service.',	'1,2,3',	'1,2,3',	'1,2',	'',	'6',	'7 days',	'',	'',	'',	'',	'https://swp.dddgov.in/assets/department/municipal_council/41-cost.pdf',	'ID Proof and Lease Deed/Legal Occupancy document',	'\"1) Login to the DMC page https://sampark.dmcdaman.in/#/\r\n2) Register Yourself\r\n3) Fill out the application as per the respective trade\"',	1,	'2024-08-22 17:57:33',	1,	'2024-08-27 14:44:17',	0),
(41,	1,	27,	2,	62,	3,	63,	'Retail Drug License (Pharmacy)',	'1,2,3',	'2',	'1,2',	'',	'2',	'30 days',	'',	'',	'',	'',	'Retali Drugs licence (Grant/Renewal) of Rs. 3000/-',	'\"1) Covering letter, 2)Self Assesed check list of documents, 3) Form  19. 4) Copy of Ownership of premises/Agreement of leave \r\n& Licence/Lease Agreement./Rent receipt. , 5) Copy of Memorandum and Articles of Association. 6) List of Directors, 7) Copy of Plan of Premises/Lay out of location. 8) Certificates of Competent Person/ Super wiser in charge. \r\na)	Copy of Offer of Appointment.\r\nb)	Copy of Consent/Acceptance Letter.\r\nc)	Copy of Experience Certificate.\r\nd)	Copy of Degree Certificate. \r\n       e)   Copy of Marks Statement. \r\n       f) Affidavit of pharmacist.  9) Copy of Power of attorney to sign the documents. 10) Photo Identity proof\"',	'\"1) Application is received by the designated clerk who forward the Drugs Licensing Authority, Daman. \r\n2) The Drugs Licensing Authority is forwarded to application for further process in this matter for Drugs Inspector of this department. \r\n3) If any entry in form is invalid/not correct/ not supported by the attached documents or any attached documents is not readable or correct or not complying with the provisions of Drugs & Cosmetics Act, 1940 and Rules thereunder, the Drugs Inspector of Daman & Diu will send to the user for compliance. \r\n4) After getting a complete application/compliance, the Drugs Inspector of Drugs Control Department, is inspected /visited by the firm and necessary compliance verification is check out and giving report for compliance if any. And also submitted file to Drugs Licensing Authority, Daman & Diu. \r\n5) If in case any observation regarding inspection, then Drugs Licensing Authority to issued memorandum to firm for further compliance and verification. \r\n6) The firm will compliance report will submitted and Drugs Inspector of verified the documents and the Drugs Inspector is giving approval for further process. \r\n7) Computer Operator print to Approval of Plant Lay-out and giving final signature approval for Drugs Licensing Authority, Daman & Diu to final signature. \r\n8) After getting a complete final signature, the computer operator will give issues the licence and giving copy to the firm. \"',	1,	'2024-08-22 17:59:21',	0,	'0000-00-00 00:00:00',	0),
(42,	1,	27,	2,	62,	3,	63,	'Wholesale Drug License',	'1,2,3',	'1,2,3',	'1,2',	'',	'2',	'30 days',	'',	'',	'',	'',	'Wholesale  Drugs licence (Grant/Renewal) of Rs. 3000/-',	'\"1) Covering letter, 2) Self Assesed check list of documents, 3) Form  19. 4) Copy of Ownership of premises/Agreement of leave \r\n& Licence/Lease Agreement./Rent receipt. 5) Copy of Memorandum and Articles of Association. 6) List of Directors, 7) Copy of Plan of Premises/Lay out of location. 8) Certificates of Competent Person/ Super wiser in charge. \r\na)	Copy of Offer of Appointment.\r\nb)	Copy of Consent/Acceptance Letter.\r\nc)	Copy of Experience Certificate.\r\nd)	Copy of Degree Certificate. \r\n       e)   Copy of Marks Statement. \r\n       f) Affidavit of pharmacist. 9) Copy of Power of attorney to sign the documents. 10) Photo Identity proof\"',	'\"1) Application is received with paid challan by the designated clerk who forward the Drugs Licensing Authority, Daman.\r\n2) The Drugs Licensing Authority is forwarded to application for further process in this matter for Drugs Inspector of this department. \r\n3) If any entry in form is invalid/not correct/ not supported by the attached documents or any attached documents is not readable or correct or not complying with the provisions of Drugs & Cosmetics Act, 1940 and Rules thereunder, the Drugs Inspector of Daman & Diu will send to the user for compliance. \r\n4) After getting a complete application/compliance, the Drugs Inspector of Drugs Control Department, is inspected /visited by the firm and necessary compliance verification is check out and giving report for compliance if any. And also submitted file to Drugs Licensing Authority, Daman & Diu. \r\n5) If in case any observation regarding inspection, then Drugs Licensing Authority to issued memorandum to firm for further compliance and verification. \r\n6) The firm will compliance report will submitted and Drugs Inspector of verified the documents and the Drugs Inspector is giving approval for further process.\r\n7)  Computer Operator print to licence for validity and giving final signature approval for Drugs Licensing Authority, Daman & Diu to final signature. \r\n8) After getting a complete final signature, the computer operator will give issues the licence copy to the firm.\"',	1,	'2024-08-22 18:00:37',	0,	'0000-00-00 00:00:00',	0),
(43,	1,	27,	2,	62,	3,	63,	'Granting of Drug Manufacturing License',	'1,2,3',	'1,2,3,4',	'1,2',	'',	'2',	'30 days',	'',	'',	'',	'',	'Grant/Renewal of Drugs Manufacturing licnece in each FORM Rs. 7500/-',	'\"1) Covering letter alongwith payment of application fees, 2) Self Assesed check list of documents, 3) Form 24 & 27 (Maximum 10 Products should apply under each form), 4) Product List.	5) List of Excipients. 6) Similar Product. 7) Draft Label 8) Method of Analysis.	9) Additional Information Form, 10) Copy of Memorandum of Articles 11) List of Directors with address 12) Copy of Power of attorney to sign the documents. 13)Copy of Plan approval 14) Noc/Consent from SSI, Pollution.\"',	'\"1) The designated /Inward clerk will accept the application and will forward to the Drugs Inspector.\r\n 2) The Drugs Inspector will examine the attached documents and study the plant lay-out as per the guidelines of Schedule M of the Drugs & Cosmetics Rules, 1945. And if any deficiency in documents or any observations then will convey to the applicant for necessary rectification. \r\n3) After the compliance of observations of Drugs Inspector, the application will be forwarded to the Drugs Licensing Authority for approval. \r\n4) The Drugs Licensing Authority after the compliance will issue /approve the Plant Lay-out with his/her signature. \r\n5) After the approval of Plant Lay-out the applicant with following documents and necessary application fee will apply for the grant/renewal of Drugs Manufacturing Licence.\r\n6) The designated /Inward clerk will accept the application and will forward to the Drugs Inspector. \r\n7) The Drugs Inspector will Scrutiny the application and will inspect factory premises.\r\n8) The Drugs Inspector will convey to the applicant, if any deficiencies in documents and observation of inspection.\r\n9) After the compliance of observations the Drugs Inspector will forward the application to Drugs Licensing Authority.\r\n10) After the Compliance the Drugs Licensing Authority will grant the licence with his/her signature.\"',	1,	'2024-08-22 18:01:51',	0,	'0000-00-00 00:00:00',	0);


INSERT INTO `users` (`user_id`, `applicant_name`, `applicant_address`, `mobile_number`, `pin`, `email`, `is_verify_mobile`, `verify_mobile_datetime`, `is_verify_email`, `verify_email_datetime`, `temp_access_token`, `is_active`, `created_by`, `created_time`, `updated_by`, `updated_time`, `is_delete`) VALUES
(1,	'NIC Demo',	'Daman',	'7046030691',	'03a4b618ce7d55118af4bddeefd66da566646432626630353130343837373939386530313639343935623761323331613336613166386332386136376630313733363466663063383565393735656262350a4f836354',	'support-nic-dd@nic.in',	1,	'2020-09-08 20:48:09',	1,	'2020-09-08 20:48:09',	'',	1,	1,	'2020-09-08 20:48:09',	0,	'2020-10-23 11:45:55',	0);

INSERT INTO `sa_users` (`sa_user_id`, `name`, `username`, `password`, `user_type`, `district`, `is_deactive`, `is_npp`, `npp_datetime`, `created_by`, `created_time`, `updated_by`, `updated_time`, `is_delete`) VALUES
(1,	'Admin',	'admin',	'c70590ba95b89e36321f38f510662acc33396466353364653565306139613965383933333864326465663830386161353032396234633334363132303362313734303034343839653034323632323730e3d7754e0d2425b04e57',	1,	0,	0,	1,	'2024-08-15 01:45:25',	1,	'2020-03-25 17:20:00',	1,	'2024-08-15 01:45:25',	0);


INSERT INTO `sa_user_type` (`sa_user_type_id`, `type`, `created_by`, `created_time`, `updated_by`, `updated_time`, `is_delete`) VALUES
(1,	'Admin',	1,	'2020-03-25 13:54:00',	0,	'0000-00-00 00:00:00',	0),
(2,	'Labour Department',	1,	'2020-08-28 11:28:00',	0,	'0000-00-00 00:00:00',	0),
(3,	'Sub Registrar',	1,	'2020-11-02 16:51:00',	0,	'0000-00-00 00:00:00',	0),
(4,	'District Industries Center',	1,	'2020-11-02 18:52:00',	0,	'0000-00-00 00:00:00',	0),
(5,	'Pollution Control Committee',	1,	'2020-11-02 18:53:00',	0,	'0000-00-00 00:00:00',	0),
(6,	'Factories & Boiler',	1,	'2020-11-02 18:55:00',	0,	'0000-00-00 00:00:00',	0),
(7,	'Revenue & Collectorate',	1,	'2020-11-02 18:55:00',	1,	'2020-11-02 19:14:00',	0),
(8,	'Fire',	1,	'2020-11-02 18:56:00',	0,	'0000-00-00 00:00:00',	0),
(9,	'Weights & Measure',	1,	'2020-11-02 18:56:00',	0,	'0000-00-00 00:00:00',	0),
(10,	'Electricity',	1,	'2020-11-02 18:57:00',	0,	'0000-00-00 00:00:00',	0),
(11,	'Public Works Department (PWD)',	1,	'2020-11-02 18:58:00',	0,	'0000-00-00 00:00:00',	0),
(12,	'Tourism',	1,	'2020-11-02 19:18:00',	0,	'0000-00-00 00:00:00',	0),
(13,	'District Industries Center DNH',	1,	'2020-11-21 13:11:00',	0,	'0000-00-00 00:00:00',	0),
(14,	'PDA',	1,	'2020-12-14 16:24:00',	0,	'0000-00-00 00:00:00',	0),
(16,	'Inspections',	1,	'2021-02-08 17:48:33',	0,	'0000-00-00 00:00:00',	0),
(17,	'I.S.M.W Returnees',	1,	'2021-06-26 13:33:43',	0,	'0000-00-00 00:00:00',	0),
(18,	'View All District Details',	1,	'2021-09-13 12:11:42',	0,	'0000-00-00 00:00:00',	0),
(19,	'Forest',	1,	'2022-10-15 23:25:41',	0,	'0000-00-00 00:00:00',	0),
(20,	'ARCS',	1,	'2022-10-15 23:25:46',	0,	'0000-00-00 00:00:00',	0),
(21,	'User Account Verifier',	1,	'2022-11-02 13:56:42',	0,	'0000-00-00 00:00:00',	0);